,Eastern Conference,W,L,W/L%,GB,PS/G,PA/G,SRS,Western Conference,Conference,year
0,Boston Celtics*,56,26,0.683,—,111.5,105.7,5.22,,Boston Celtics*,1991
1,Philadelphia 76ers*,44,38,0.537,12.0,105.4,105.6,-0.39,,Philadelphia 76ers*,1991
2,New York Knicks*,39,43,0.476,17.0,103.1,103.3,-0.43,,New York Knicks*,1991
3,Washington Bullets,30,52,0.366,26.0,101.4,106.4,-4.84,,Washington Bullets,1991
4,New Jersey Nets,26,56,0.317,30.0,102.9,107.5,-4.53,,New Jersey Nets,1991
5,Miami Heat,24,58,0.293,32.0,101.8,107.8,-5.91,,Miami Heat,1991
6,Chicago Bulls*,61,21,0.744,—,110.0,101.0,8.57,,Chicago Bulls*,1991
7,Detroit Pistons*,50,32,0.61,11.0,100.1,96.8,3.08,,Detroit Pistons*,1991
8,Milwaukee Bucks*,48,34,0.585,13.0,106.4,104.0,2.33,,Milwaukee Bucks*,1991
9,Atlanta Hawks*,43,39,0.524,18.0,109.8,109.0,0.72,,Atlanta Hawks*,1991
10,Indiana Pacers*,41,41,0.5,20.0,111.7,112.1,-0.37,,Indiana Pacers*,1991
11,Cleveland Cavaliers,33,49,0.402,28.0,101.7,104.2,-2.33,,Cleveland Cavaliers,1991
12,Charlotte Hornets,26,56,0.317,35.0,102.8,108.0,-4.95,,Charlotte Hornets,1991
0,,55,27,0.671,—,107.1,102.6,4.3,San Antonio Spurs*,San Antonio Spurs*,1991
1,,54,28,0.659,1.0,104.0,100.7,3.18,Utah Jazz*,Utah Jazz*,1991
2,,52,30,0.634,3.0,106.7,103.2,3.27,Houston Rockets*,Houston Rockets*,1991
3,,31,51,0.378,24.0,105.9,109.9,-3.79,Orlando Magic,Orlando Magic,1991
4,,29,53,0.354,26.0,99.6,103.5,-3.75,Minnesota Timberwolves,Minnesota Timberwolves,1991
5,,28,54,0.341,27.0,99.9,104.5,-4.27,Dallas Mavericks,Dallas Mavericks,1991
6,,20,62,0.244,35.0,119.9,130.8,-10.31,Denver Nuggets,Denver Nuggets,1991
7,,63,19,0.768,—,114.7,106.0,8.47,Portland Trail Blazers*,Portland Trail Blazers*,1991
8,,58,24,0.707,5.0,106.3,99.6,6.73,Los Angeles Lakers*,Los Angeles Lakers*,1991
9,,55,27,0.671,8.0,114.0,107.5,6.49,Phoenix Suns*,Phoenix Suns*,1991
10,,44,38,0.537,19.0,116.6,115.0,1.72,Golden State Warriors*,Golden State Warriors*,1991
11,,41,41,0.5,22.0,106.6,105.4,1.31,Seattle SuperSonics*,Seattle SuperSonics*,1991
12,,31,51,0.378,32.0,103.5,107.0,-3.16,Los Angeles Clippers,Los Angeles Clippers,1991
13,,25,57,0.305,38.0,96.7,103.5,-6.27,Sacramento Kings,Sacramento Kings,1991
0,Boston Celtics*,51,31,0.622,—,106.6,103.0,3.41,,Boston Celtics*,1992
1,New York Knicks*,51,31,0.622,—,101.6,97.7,3.67,,New York Knicks*,1992
2,New Jersey Nets*,40,42,0.488,11.0,105.4,107.1,-1.54,,New Jersey Nets*,1992
3,Miami Heat*,38,44,0.463,13.0,105.0,109.2,-3.94,,Miami Heat*,1992
4,Philadelphia 76ers,35,47,0.427,16.0,101.9,103.2,-1.34,,Philadelphia 76ers,1992
5,Washington Bullets,25,57,0.305,26.0,102.4,106.8,-4.35,,Washington Bullets,1992
6,Orlando Magic,21,61,0.256,30.0,101.6,108.5,-6.52,,Orlando Magic,1992
7,Chicago Bulls*,67,15,0.817,—,109.9,99.5,10.07,,Chicago Bulls*,1992
8,Cleveland Cavaliers*,57,25,0.695,10.0,108.9,103.4,5.34,,Cleveland Cavaliers*,1992
9,Detroit Pistons*,48,34,0.585,19.0,98.9,96.9,2.06,,Detroit Pistons*,1992
10,Indiana Pacers*,40,42,0.488,27.0,112.2,110.3,1.85,,Indiana Pacers*,1992
11,Atlanta Hawks,38,44,0.463,29.0,106.2,107.7,-1.15,,Atlanta Hawks,1992
12,Milwaukee Bucks,31,51,0.378,36.0,105.0,106.7,-1.46,,Milwaukee Bucks,1992
13,Charlotte Hornets,31,51,0.378,36.0,109.5,113.4,-3.57,,Charlotte Hornets,1992
0,,55,27,0.671,—,108.3,101.9,5.7,Utah Jazz*,Utah Jazz*,1992
1,,47,35,0.573,8.0,104.0,100.6,2.81,San Antonio Spurs*,San Antonio Spurs*,1992
2,,42,40,0.512,13.0,102.0,103.7,-1.94,Houston Rockets,Houston Rockets,1992
3,,24,58,0.293,31.0,99.7,107.6,-7.59,Denver Nuggets,Denver Nuggets,1992
4,,22,60,0.268,33.0,97.6,105.3,-7.47,Dallas Mavericks,Dallas Mavericks,1992
5,,15,67,0.183,40.0,100.5,107.5,-6.85,Minnesota Timberwolves,Minnesota Timberwolves,1992
6,,57,25,0.695,—,111.4,104.1,6.94,Portland Trail Blazers*,Portland Trail Blazers*,1992
7,,55,27,0.671,2.0,118.7,114.8,3.77,Golden State Warriors*,Golden State Warriors*,1992
8,,53,29,0.646,4.0,112.1,106.2,5.68,Phoenix Suns*,Phoenix Suns*,1992
9,,47,35,0.573,10.0,106.5,104.7,1.86,Seattle SuperSonics*,Seattle SuperSonics*,1992
10,,45,37,0.549,12.0,102.9,101.9,1.1,Los Angeles Clippers*,Los Angeles Clippers*,1992
11,,43,39,0.524,14.0,100.4,101.5,-0.95,Los Angeles Lakers*,Los Angeles Lakers*,1992
12,,29,53,0.354,28.0,104.3,110.3,-5.63,Sacramento Kings,Sacramento Kings,1992
0,New York Knicks*,60,22,0.732,—,101.6,95.4,5.87,,New York Knicks*,1993
1,Boston Celtics*,48,34,0.585,12.0,103.7,102.8,0.93,,Boston Celtics*,1993
2,New Jersey Nets*,43,39,0.524,17.0,102.8,101.6,1.2,,New Jersey Nets*,1993
3,Orlando Magic,41,41,0.5,19.0,105.5,104.2,1.35,,Orlando Magic,1993
4,Miami Heat,36,46,0.439,24.0,103.6,104.7,-0.93,,Miami Heat,1993
5,Philadelphia 76ers,26,56,0.317,34.0,104.3,110.1,-5.25,,Philadelphia 76ers,1993
6,Washington Bullets,22,60,0.268,38.0,101.9,108.9,-6.49,,Washington Bullets,1993
7,Chicago Bulls*,57,25,0.695,—,105.2,98.9,6.19,,Chicago Bulls*,1993
8,Cleveland Cavaliers*,54,28,0.659,3.0,107.7,101.3,6.3,,Cleveland Cavaliers*,1993
9,Charlotte Hornets*,44,38,0.537,13.0,110.1,110.4,-0.02,,Charlotte Hornets*,1993
10,Atlanta Hawks*,43,39,0.524,14.0,107.5,108.4,-0.67,,Atlanta Hawks*,1993
11,Indiana Pacers*,41,41,0.5,16.0,107.8,106.1,1.77,,Indiana Pacers*,1993
12,Detroit Pistons,40,42,0.488,17.0,100.6,102.0,-1.1,,Detroit Pistons,1993
13,Milwaukee Bucks,28,54,0.341,29.0,102.3,106.1,-3.26,,Milwaukee Bucks,1993
0,,55,27,0.671,—,104.0,99.8,3.57,Houston Rockets*,Houston Rockets*,1993
1,,49,33,0.598,6.0,105.5,102.8,2.21,San Antonio Spurs*,San Antonio Spurs*,1993
2,,47,35,0.573,8.0,106.2,104.0,1.74,Utah Jazz*,Utah Jazz*,1993
3,,36,46,0.439,19.0,105.2,106.9,-2.14,Denver Nuggets,Denver Nuggets,1993
4,,19,63,0.232,36.0,98.1,105.9,-7.62,Minnesota Timberwolves,Minnesota Timberwolves,1993
5,,11,71,0.134,44.0,99.3,114.5,-14.68,Dallas Mavericks,Dallas Mavericks,1993
6,,62,20,0.756,—,113.4,106.7,6.27,Phoenix Suns*,Phoenix Suns*,1993
7,,55,27,0.671,7.0,108.3,101.3,6.66,Seattle SuperSonics*,Seattle SuperSonics*,1993
8,,51,31,0.622,11.0,108.5,105.4,2.92,Portland Trail Blazers*,Portland Trail Blazers*,1993
9,,41,41,0.5,21.0,107.1,106.8,0.33,Los Angeles Clippers*,Los Angeles Clippers*,1993
10,,39,43,0.476,23.0,104.2,105.5,-1.2,Los Angeles Lakers*,Los Angeles Lakers*,1993
11,,34,48,0.415,28.0,109.9,110.9,-0.94,Golden State Warriors,Golden State Warriors,1993
12,,25,57,0.305,37.0,107.9,111.1,-3.0,Sacramento Kings,Sacramento Kings,1993
0,New York Knicks*,57,25,0.695,—,98.5,91.5,6.48,,New York Knicks*,1994
1,Orlando Magic*,50,32,0.61,7.0,105.7,101.8,3.68,,Orlando Magic*,1994
2,New Jersey Nets*,45,37,0.549,12.0,103.2,101.0,2.11,,New Jersey Nets*,1994
3,Miami Heat*,42,40,0.512,15.0,103.4,100.7,2.4,,Miami Heat*,1994
4,Boston Celtics,32,50,0.39,25.0,100.8,105.1,-4.28,,Boston Celtics,1994
5,Philadelphia 76ers,25,57,0.305,32.0,98.0,105.6,-7.37,,Philadelphia 76ers,1994
6,Washington Bullets,24,58,0.293,33.0,100.4,107.7,-7.13,,Washington Bullets,1994
7,Atlanta Hawks*,57,25,0.695,—,101.4,96.2,4.94,,Atlanta Hawks*,1994
8,Chicago Bulls*,55,27,0.671,2.0,98.0,94.9,2.87,,Chicago Bulls*,1994
9,Indiana Pacers*,47,35,0.573,10.0,101.0,97.5,3.26,,Indiana Pacers*,1994
10,Cleveland Cavaliers*,47,35,0.573,10.0,101.2,97.1,3.64,,Cleveland Cavaliers*,1994
11,Charlotte Hornets,41,41,0.5,16.0,106.5,106.7,-0.23,,Charlotte Hornets,1994
12,Milwaukee Bucks,20,62,0.244,37.0,96.9,103.4,-6.24,,Milwaukee Bucks,1994
13,Detroit Pistons,20,62,0.244,37.0,96.9,104.7,-7.46,,Detroit Pistons,1994
0,,58,24,0.707,—,101.1,96.8,4.19,Houston Rockets*,Houston Rockets*,1994
1,,55,27,0.671,3.0,100.0,94.8,5.05,San Antonio Spurs*,San Antonio Spurs*,1994
2,,53,29,0.646,5.0,101.9,97.7,4.1,Utah Jazz*,Utah Jazz*,1994
3,,42,40,0.512,16.0,100.3,98.8,1.54,Denver Nuggets*,Denver Nuggets*,1994
4,,20,62,0.244,38.0,96.7,103.6,-6.55,Minnesota Timberwolves,Minnesota Timberwolves,1994
5,,13,69,0.159,45.0,95.1,103.8,-8.19,Dallas Mavericks,Dallas Mavericks,1994
6,,63,19,0.768,—,105.9,96.9,8.68,Seattle SuperSonics*,Seattle SuperSonics*,1994
7,,56,26,0.683,7.0,108.2,103.4,4.68,Phoenix Suns*,Phoenix Suns*,1994
8,,50,32,0.61,13.0,107.9,106.1,1.76,Golden State Warriors*,Golden State Warriors*,1994
9,,47,35,0.573,16.0,107.3,104.6,2.6,Portland Trail Blazers*,Portland Trail Blazers*,1994
10,,33,49,0.402,30.0,100.4,104.7,-3.93,Los Angeles Lakers,Los Angeles Lakers,1994
11,,28,54,0.341,35.0,101.1,106.9,-5.32,Sacramento Kings,Sacramento Kings,1994
12,,27,55,0.329,36.0,103.0,108.7,-5.28,Los Angeles Clippers,Los Angeles Clippers,1994
0,Orlando Magic*,57,25,0.695,—,110.9,103.8,6.44,,Orlando Magic*,1995
1,New York Knicks*,55,27,0.671,2.0,98.2,95.1,2.78,,New York Knicks*,1995
2,Boston Celtics*,35,47,0.427,22.0,102.8,104.7,-1.92,,Boston Celtics*,1995
3,Miami Heat,32,50,0.39,25.0,101.1,102.8,-1.85,,Miami Heat,1995
4,New Jersey Nets,30,52,0.366,27.0,98.1,101.2,-3.28,,New Jersey Nets,1995
5,Philadelphia 76ers,24,58,0.293,33.0,95.4,100.4,-5.06,,Philadelphia 76ers,1995
6,Washington Bullets,21,61,0.256,36.0,100.5,106.1,-5.56,,Washington Bullets,1995
7,Indiana Pacers*,52,30,0.634,—,99.2,95.5,3.35,,Indiana Pacers*,1995
8,Charlotte Hornets*,50,32,0.61,2.0,100.6,97.3,2.87,,Charlotte Hornets*,1995
9,Chicago Bulls*,47,35,0.573,5.0,101.5,96.7,4.32,,Chicago Bulls*,1995
10,Cleveland Cavaliers*,43,39,0.524,9.0,90.5,89.8,0.55,,Cleveland Cavaliers*,1995
11,Atlanta Hawks*,42,40,0.512,10.0,96.6,95.3,1.06,,Atlanta Hawks*,1995
12,Milwaukee Bucks,34,48,0.415,18.0,99.3,103.7,-4.3,,Milwaukee Bucks,1995
13,Detroit Pistons,28,54,0.341,24.0,98.2,105.5,-7.08,,Detroit Pistons,1995
0,,62,20,0.756,—,106.6,100.6,5.9,San Antonio Spurs*,San Antonio Spurs*,1995
1,,60,22,0.732,2.0,106.4,98.4,7.76,Utah Jazz*,Utah Jazz*,1995
2,,47,35,0.573,15.0,103.5,101.4,2.32,Houston Rockets*,Houston Rockets*,1995
3,,41,41,0.5,21.0,101.3,100.5,0.96,Denver Nuggets*,Denver Nuggets*,1995
4,,36,46,0.439,26.0,103.2,106.1,-2.39,Dallas Mavericks,Dallas Mavericks,1995
5,,21,61,0.256,41.0,94.2,103.2,-8.22,Minnesota Timberwolves,Minnesota Timberwolves,1995
6,,59,23,0.72,—,110.6,106.8,3.86,Phoenix Suns*,Phoenix Suns*,1995
7,,57,25,0.695,2.0,110.4,102.2,7.91,Seattle SuperSonics*,Seattle SuperSonics*,1995
8,,48,34,0.585,11.0,105.1,105.3,-0.01,Los Angeles Lakers*,Los Angeles Lakers*,1995
9,,44,38,0.537,15.0,103.1,99.2,3.8,Portland Trail Blazers*,Portland Trail Blazers*,1995
10,,39,43,0.476,20.0,98.2,99.2,-0.74,Sacramento Kings,Sacramento Kings,1995
11,,26,56,0.317,33.0,105.7,111.1,-4.9,Golden State Warriors,Golden State Warriors,1995
12,,17,65,0.207,42.0,96.7,105.8,-8.43,Los Angeles Clippers,Los Angeles Clippers,1995
0,Orlando Magic*,60,22,0.732,—,104.5,99.0,5.4,,Orlando Magic*,1996
1,New York Knicks*,47,35,0.573,13.0,97.2,94.9,2.24,,New York Knicks*,1996
2,Miami Heat*,42,40,0.512,18.0,96.5,95.0,1.46,,Miami Heat*,1996
3,Washington Bullets,39,43,0.476,21.0,102.5,101.5,0.99,,Washington Bullets,1996
4,Boston Celtics,33,49,0.402,27.0,103.6,107.0,-3.37,,Boston Celtics,1996
5,New Jersey Nets,30,52,0.366,30.0,93.7,97.9,-4.14,,New Jersey Nets,1996
6,Philadelphia 76ers,18,64,0.22,42.0,94.5,104.5,-9.45,,Philadelphia 76ers,1996
7,Chicago Bulls*,72,10,0.878,—,105.2,92.9,11.8,,Chicago Bulls*,1996
8,Indiana Pacers*,52,30,0.634,20.0,99.3,96.1,3.11,,Indiana Pacers*,1996
9,Cleveland Cavaliers*,47,35,0.573,25.0,91.1,88.5,2.49,,Cleveland Cavaliers*,1996
10,Atlanta Hawks*,46,36,0.561,26.0,98.3,97.1,1.29,,Atlanta Hawks*,1996
11,Detroit Pistons*,46,36,0.561,26.0,95.4,92.9,2.45,,Detroit Pistons*,1996
12,Charlotte Hornets,41,41,0.5,31.0,102.8,103.4,-0.48,,Charlotte Hornets,1996
13,Milwaukee Bucks,25,57,0.305,47.0,95.6,100.9,-4.92,,Milwaukee Bucks,1996
14,Toronto Raptors,21,61,0.256,51.0,97.5,105.0,-7.2,,Toronto Raptors,1996
0,,59,23,0.72,—,103.4,97.1,5.98,San Antonio Spurs*,San Antonio Spurs*,1996
1,,55,27,0.671,4.0,102.5,95.9,6.25,Utah Jazz*,Utah Jazz*,1996
2,,48,34,0.585,11.0,102.5,100.7,1.63,Houston Rockets*,Houston Rockets*,1996
3,,35,47,0.427,24.0,97.7,100.4,-2.62,Denver Nuggets,Denver Nuggets,1996
4,,26,56,0.317,33.0,97.9,103.2,-5.14,Minnesota Timberwolves,Minnesota Timberwolves,1996
5,,26,56,0.317,33.0,102.5,107.5,-4.71,Dallas Mavericks,Dallas Mavericks,1996
6,,15,67,0.183,44.0,89.8,99.8,-9.55,Vancouver Grizzlies,Vancouver Grizzlies,1996
7,,64,18,0.78,—,104.5,96.7,7.4,Seattle SuperSonics*,Seattle SuperSonics*,1996
8,,53,29,0.646,11.0,102.9,98.5,4.21,Los Angeles Lakers*,Los Angeles Lakers*,1996
9,,44,38,0.537,20.0,99.3,97.0,2.21,Portland Trail Blazers*,Portland Trail Blazers*,1996
10,,41,41,0.5,23.0,104.3,104.0,0.28,Phoenix Suns*,Phoenix Suns*,1996
11,,39,43,0.476,25.0,99.5,102.3,-2.62,Sacramento Kings*,Sacramento Kings*,1996
12,,36,46,0.439,28.0,101.6,103.1,-1.42,Golden State Warriors,Golden State Warriors,1996
13,,29,53,0.354,35.0,99.4,103.0,-3.46,Los Angeles Clippers,Los Angeles Clippers,1996
0,Miami Heat*,61,21,0.744,—,94.8,89.3,5.56,,Miami Heat*,1997
1,New York Knicks*,57,25,0.695,4.0,95.4,92.2,3.31,,New York Knicks*,1997
2,Orlando Magic*,45,37,0.549,16.0,94.1,94.5,-0.07,,Orlando Magic*,1997
3,Washington Bullets*,44,38,0.537,17.0,99.4,97.7,1.77,,Washington Bullets*,1997
4,New Jersey Nets,26,56,0.317,35.0,97.2,101.8,-3.89,,New Jersey Nets,1997
5,Philadelphia 76ers,22,60,0.268,39.0,100.2,106.7,-5.89,,Philadelphia 76ers,1997
6,Boston Celtics,15,67,0.183,46.0,100.6,107.9,-6.62,,Boston Celtics,1997
7,Chicago Bulls*,69,13,0.841,—,103.1,92.3,10.7,,Chicago Bulls*,1997
8,Atlanta Hawks*,56,26,0.683,13.0,94.8,89.4,5.52,,Atlanta Hawks*,1997
9,Detroit Pistons*,54,28,0.659,15.0,94.2,88.9,5.45,,Detroit Pistons*,1997
10,Charlotte Hornets*,54,28,0.659,15.0,98.9,97.0,2.13,,Charlotte Hornets*,1997
11,Cleveland Cavaliers,42,40,0.512,27.0,87.5,85.6,2.32,,Cleveland Cavaliers,1997
12,Indiana Pacers,39,43,0.476,30.0,95.4,94.4,1.49,,Indiana Pacers,1997
13,Milwaukee Bucks,33,49,0.402,36.0,95.3,97.2,-1.38,,Milwaukee Bucks,1997
14,Toronto Raptors,30,52,0.366,39.0,95.5,98.6,-2.56,,Toronto Raptors,1997
0,,64,18,0.78,—,103.1,94.3,7.97,Utah Jazz*,Utah Jazz*,1997
1,,57,25,0.695,7.0,100.6,96.1,3.85,Houston Rockets*,Houston Rockets*,1997
2,,40,42,0.488,24.0,96.1,97.6,-1.82,Minnesota Timberwolves*,Minnesota Timberwolves*,1997
3,,24,58,0.293,40.0,90.6,97.0,-6.47,Dallas Mavericks,Dallas Mavericks,1997
4,,21,61,0.256,43.0,97.8,104.1,-6.4,Denver Nuggets,Denver Nuggets,1997
5,,20,62,0.244,44.0,90.5,98.3,-7.93,San Antonio Spurs,San Antonio Spurs,1997
6,,14,68,0.171,50.0,89.2,99.4,-10.17,Vancouver Grizzlies,Vancouver Grizzlies,1997
7,,57,25,0.695,—,100.9,93.2,6.91,Seattle SuperSonics*,Seattle SuperSonics*,1997
8,,56,26,0.683,1.0,100.0,95.7,3.66,Los Angeles Lakers*,Los Angeles Lakers*,1997
9,,49,33,0.598,8.0,99.0,94.8,3.56,Portland Trail Blazers*,Portland Trail Blazers*,1997
10,,40,42,0.488,17.0,102.8,102.2,0.21,Phoenix Suns*,Phoenix Suns*,1997
11,,36,46,0.439,21.0,97.2,99.5,-2.66,Los Angeles Clippers*,Los Angeles Clippers*,1997
12,,34,48,0.415,23.0,96.4,99.8,-3.64,Sacramento Kings,Sacramento Kings,1997
13,,30,52,0.366,27.0,99.6,104.4,-4.9,Golden State Warriors,Golden State Warriors,1997
0,Miami Heat*,55,27,0.671,—,95.0,90.0,5.09,,Miami Heat*,1998
1,New York Knicks*,43,39,0.524,12.0,91.6,89.1,2.74,,New York Knicks*,1998
2,New Jersey Nets*,43,39,0.524,12.0,99.6,98.1,1.88,,New Jersey Nets*,1998
3,Washington Wizards,42,40,0.512,13.0,97.2,96.6,1.11,,Washington Wizards,1998
4,Orlando Magic,41,41,0.5,14.0,90.1,91.2,-0.53,,Orlando Magic,1998
5,Boston Celtics,36,46,0.439,19.0,95.9,98.5,-1.96,,Boston Celtics,1998
6,Philadelphia 76ers,31,51,0.378,24.0,93.3,95.7,-1.89,,Philadelphia 76ers,1998
7,Chicago Bulls*,62,20,0.756,—,96.7,89.6,7.24,,Chicago Bulls*,1998
8,Indiana Pacers*,58,24,0.707,4.0,96.0,89.9,6.25,,Indiana Pacers*,1998
9,Charlotte Hornets*,51,31,0.622,11.0,96.6,94.6,2.45,,Charlotte Hornets*,1998
10,Atlanta Hawks*,50,32,0.61,12.0,95.9,92.3,3.85,,Atlanta Hawks*,1998
11,Cleveland Cavaliers*,47,35,0.573,15.0,92.5,89.8,3.06,,Cleveland Cavaliers*,1998
12,Detroit Pistons,37,45,0.451,25.0,94.2,92.6,1.95,,Detroit Pistons,1998
13,Milwaukee Bucks,36,46,0.439,26.0,94.5,96.4,-1.33,,Milwaukee Bucks,1998
14,Toronto Raptors,16,66,0.195,46.0,94.9,104.2,-8.33,,Toronto Raptors,1998
0,,62,20,0.756,—,101.0,94.4,5.73,Utah Jazz*,Utah Jazz*,1998
1,,56,26,0.683,6.0,92.5,88.5,3.3,San Antonio Spurs*,San Antonio Spurs*,1998
2,,45,37,0.549,17.0,101.1,100.4,0.17,Minnesota Timberwolves*,Minnesota Timberwolves*,1998
3,,41,41,0.5,21.0,98.8,99.5,-1.23,Houston Rockets*,Houston Rockets*,1998
4,,20,62,0.244,42.0,91.4,97.5,-6.33,Dallas Mavericks,Dallas Mavericks,1998
5,,19,63,0.232,43.0,96.6,103.9,-7.47,Vancouver Grizzlies,Vancouver Grizzlies,1998
6,,11,71,0.134,51.0,89.0,100.8,-11.74,Denver Nuggets,Denver Nuggets,1998
7,,61,21,0.744,—,100.6,93.4,6.33,Seattle SuperSonics*,Seattle SuperSonics*,1998
8,,61,21,0.744,—,105.5,97.8,6.88,Los Angeles Lakers*,Los Angeles Lakers*,1998
9,,56,26,0.683,5.0,99.6,94.4,4.44,Phoenix Suns*,Phoenix Suns*,1998
10,,46,36,0.561,15.0,94.3,92.9,0.83,Portland Trail Blazers*,Portland Trail Blazers*,1998
11,,27,55,0.329,34.0,93.1,98.7,-5.83,Sacramento Kings,Sacramento Kings,1998
12,,19,63,0.232,42.0,88.3,97.4,-9.2,Golden State Warriors,Golden State Warriors,1998
13,,17,65,0.207,44.0,95.9,103.3,-7.53,Los Angeles Clippers,Los Angeles Clippers,1998
0,Miami Heat*,33,17,0.66,—,89.0,84.0,5.11,,Miami Heat*,1999
1,Orlando Magic*,33,17,0.66,—,89.5,86.9,3.11,,Orlando Magic*,1999
2,Philadelphia 76ers*,28,22,0.56,5.0,89.7,87.6,2.56,,Philadelphia 76ers*,1999
3,New York Knicks*,27,23,0.54,6.0,86.4,85.4,1.45,,New York Knicks*,1999
4,Boston Celtics,19,31,0.38,14.0,93.0,94.9,-1.75,,Boston Celtics,1999
5,Washington Wizards,18,32,0.36,15.0,91.2,93.4,-1.75,,Washington Wizards,1999
6,New Jersey Nets,16,34,0.32,17.0,91.4,95.2,-3.2,,New Jersey Nets,1999
7,Indiana Pacers*,33,17,0.66,—,94.7,90.9,3.86,,Indiana Pacers*,1999
8,Atlanta Hawks*,31,19,0.62,2.0,86.3,83.4,2.82,,Atlanta Hawks*,1999
9,Detroit Pistons*,29,21,0.58,4.0,90.4,86.9,3.97,,Detroit Pistons*,1999
10,Milwaukee Bucks*,28,22,0.56,5.0,91.7,90.0,1.66,,Milwaukee Bucks*,1999
11,Charlotte Hornets,26,24,0.52,7.0,92.9,93.0,0.63,,Charlotte Hornets,1999
12,Toronto Raptors,23,27,0.46,10.0,91.1,92.8,-1.32,,Toronto Raptors,1999
13,Cleveland Cavaliers,22,28,0.44,11.0,86.4,88.2,-0.94,,Cleveland Cavaliers,1999
14,Chicago Bulls,13,37,0.26,20.0,81.9,91.4,-8.58,,Chicago Bulls,1999
0,,37,13,0.74,—,92.8,84.7,7.12,San Antonio Spurs*,San Antonio Spurs*,1999
1,,37,13,0.74,—,93.3,86.8,5.54,Utah Jazz*,Utah Jazz*,1999
2,,31,19,0.62,6.0,94.2,91.9,1.39,Houston Rockets*,Houston Rockets*,1999
3,,25,25,0.5,12.0,92.9,92.6,-0.17,Minnesota Timberwolves*,Minnesota Timberwolves*,1999
4,,19,31,0.38,18.0,91.6,94.0,-2.5,Dallas Mavericks,Dallas Mavericks,1999
5,,14,36,0.28,23.0,93.5,100.1,-6.67,Denver Nuggets,Denver Nuggets,1999
6,,8,42,0.16,29.0,88.9,97.5,-8.94,Vancouver Grizzlies,Vancouver Grizzlies,1999
7,,35,15,0.7,—,94.8,88.5,5.67,Portland Trail Blazers*,Portland Trail Blazers*,1999
8,,31,19,0.62,4.0,99.0,96.0,2.68,Los Angeles Lakers*,Los Angeles Lakers*,1999
9,,27,23,0.54,8.0,95.6,93.3,2.15,Phoenix Suns*,Phoenix Suns*,1999
10,,27,23,0.54,8.0,100.2,100.6,-0.89,Sacramento Kings*,Sacramento Kings*,1999
11,,25,25,0.5,10.0,94.9,95.9,-1.43,Seattle SuperSonics,Seattle SuperSonics,1999
12,,21,29,0.42,14.0,88.3,90.8,-2.63,Golden State Warriors,Golden State Warriors,1999
13,,9,41,0.18,26.0,90.4,99.2,-8.94,Los Angeles Clippers,Los Angeles Clippers,1999
0,Miami Heat*,52,30,0.634,—,94.4,91.3,2.75,,Miami Heat*,2000
1,New York Knicks*,50,32,0.61,2.0,92.1,90.7,1.3,,New York Knicks*,2000
2,Philadelphia 76ers*,49,33,0.598,3.0,94.8,93.4,1.02,,Philadelphia 76ers*,2000
3,Orlando Magic,41,41,0.5,11.0,100.1,99.4,0.43,,Orlando Magic,2000
4,Boston Celtics,35,47,0.427,17.0,99.3,100.1,-1.0,,Boston Celtics,2000
5,New Jersey Nets,31,51,0.378,21.0,98.0,99.0,-1.18,,New Jersey Nets,2000
6,Washington Wizards,29,53,0.354,23.0,96.6,99.9,-3.47,,Washington Wizards,2000
7,Indiana Pacers*,56,26,0.683,—,101.3,96.7,4.15,,Indiana Pacers*,2000
8,Charlotte Hornets*,49,33,0.598,7.0,98.4,95.8,2.33,,Charlotte Hornets*,2000
9,Toronto Raptors*,45,37,0.549,11.0,97.2,97.3,-0.46,,Toronto Raptors*,2000
10,Detroit Pistons*,42,40,0.512,14.0,103.5,102.0,1.13,,Detroit Pistons*,2000
11,Milwaukee Bucks*,42,40,0.512,14.0,101.2,101.0,-0.06,,Milwaukee Bucks*,2000
12,Cleveland Cavaliers,32,50,0.39,24.0,97.0,100.5,-3.64,,Cleveland Cavaliers,2000
13,Atlanta Hawks,28,54,0.341,28.0,94.3,99.7,-5.41,,Atlanta Hawks,2000
14,Chicago Bulls,17,65,0.207,39.0,84.8,94.2,-9.23,,Chicago Bulls,2000
0,,55,27,0.671,—,96.5,92.0,4.52,Utah Jazz*,Utah Jazz*,2000
1,,53,29,0.646,2.0,96.2,90.2,5.92,San Antonio Spurs*,San Antonio Spurs*,2000
2,,50,32,0.61,5.0,98.5,96.0,2.67,Minnesota Timberwolves*,Minnesota Timberwolves*,2000
3,,40,42,0.488,15.0,101.4,102.0,-0.29,Dallas Mavericks,Dallas Mavericks,2000
4,,35,47,0.427,20.0,99.0,101.1,-1.76,Denver Nuggets,Denver Nuggets,2000
5,,34,48,0.415,21.0,99.5,100.3,-0.57,Houston Rockets,Houston Rockets,2000
6,,22,60,0.268,33.0,93.9,99.5,-5.1,Vancouver Grizzlies,Vancouver Grizzlies,2000
7,,67,15,0.817,—,100.8,92.3,8.41,Los Angeles Lakers*,Los Angeles Lakers*,2000
8,,59,23,0.72,8.0,97.5,91.0,6.36,Portland Trail Blazers*,Portland Trail Blazers*,2000
9,,53,29,0.646,14.0,98.9,93.7,5.24,Phoenix Suns*,Phoenix Suns*,2000
10,,45,37,0.549,22.0,99.1,98.1,1.17,Seattle SuperSonics*,Seattle SuperSonics*,2000
11,,44,38,0.537,23.0,105.0,102.0,3.04,Sacramento Kings*,Sacramento Kings*,2000
12,,19,63,0.232,48.0,95.5,103.8,-7.63,Golden State Warriors,Golden State Warriors,2000
13,,15,67,0.183,52.0,92.0,103.5,-10.73,Los Angeles Clippers,Los Angeles Clippers,2000
0,Philadelphia 76ers*,56,26,0.683,—,94.7,90.4,3.64,,Philadelphia 76ers*,2001
1,Miami Heat*,50,32,0.61,6.0,88.9,86.6,1.73,,Miami Heat*,2001
2,New York Knicks*,48,34,0.585,8.0,88.7,86.1,1.98,,New York Knicks*,2001
3,Orlando Magic*,43,39,0.524,13.0,97.5,96.5,0.39,,Orlando Magic*,2001
4,Boston Celtics,36,46,0.439,20.0,94.6,96.8,-2.4,,Boston Celtics,2001
5,New Jersey Nets,26,56,0.317,30.0,92.1,97.1,-5.3,,New Jersey Nets,2001
6,Washington Wizards,19,63,0.232,37.0,93.2,99.9,-6.75,,Washington Wizards,2001
7,Milwaukee Bucks*,52,30,0.634,—,100.7,96.9,3.14,,Milwaukee Bucks*,2001
8,Toronto Raptors*,47,35,0.573,5.0,97.6,95.4,1.69,,Toronto Raptors*,2001
9,Charlotte Hornets*,46,36,0.561,6.0,91.9,89.8,1.45,,Charlotte Hornets*,2001
10,Indiana Pacers*,41,41,0.5,11.0,92.6,92.8,-0.77,,Indiana Pacers*,2001
11,Detroit Pistons,32,50,0.39,20.0,95.6,97.3,-2.08,,Detroit Pistons,2001
12,Cleveland Cavaliers,30,52,0.366,22.0,92.2,96.5,-4.48,,Cleveland Cavaliers,2001
13,Atlanta Hawks,25,57,0.305,27.0,91.0,96.2,-5.55,,Atlanta Hawks,2001
14,Chicago Bulls,15,67,0.183,37.0,87.6,96.7,-9.09,,Chicago Bulls,2001
0,,58,24,0.707,—,96.2,88.4,7.92,San Antonio Spurs*,San Antonio Spurs*,2001
1,,53,29,0.646,5.0,97.1,92.4,5.0,Utah Jazz*,Utah Jazz*,2001
2,,53,29,0.646,5.0,100.5,96.2,4.61,Dallas Mavericks*,Dallas Mavericks*,2001
3,,47,35,0.573,11.0,97.3,96.0,1.81,Minnesota Timberwolves*,Minnesota Timberwolves*,2001
4,,45,37,0.549,13.0,97.2,94.9,2.71,Houston Rockets,Houston Rockets,2001
5,,40,42,0.488,18.0,96.6,99.0,-1.83,Denver Nuggets,Denver Nuggets,2001
6,,23,59,0.28,35.0,91.7,97.5,-4.94,Vancouver Grizzlies,Vancouver Grizzlies,2001
7,,56,26,0.683,—,100.6,97.2,3.74,Los Angeles Lakers*,Los Angeles Lakers*,2001
8,,55,27,0.671,1.0,101.7,95.9,6.07,Sacramento Kings*,Sacramento Kings*,2001
9,,51,31,0.622,5.0,94.0,91.8,2.63,Phoenix Suns*,Phoenix Suns*,2001
10,,50,32,0.61,6.0,95.4,91.2,4.52,Portland Trail Blazers*,Portland Trail Blazers*,2001
11,,44,38,0.537,12.0,97.3,97.3,0.55,Seattle SuperSonics,Seattle SuperSonics,2001
12,,31,51,0.378,25.0,92.5,95.3,-2.23,Los Angeles Clippers,Los Angeles Clippers,2001
13,,17,65,0.207,39.0,92.5,101.5,-8.11,Golden State Warriors,Golden State Warriors,2001
0,New Jersey Nets*,52,30,0.634,—,96.2,92.0,3.67,,New Jersey Nets*,2002
1,Boston Celtics*,49,33,0.598,3.0,96.4,94.1,1.75,,Boston Celtics*,2002
2,Orlando Magic*,44,38,0.537,8.0,100.5,98.9,1.25,,Orlando Magic*,2002
3,Philadelphia 76ers*,43,39,0.524,9.0,91.0,89.4,1.27,,Philadelphia 76ers*,2002
4,Washington Wizards,37,45,0.451,15.0,92.8,94.2,-1.58,,Washington Wizards,2002
5,Miami Heat,36,46,0.439,16.0,87.2,88.7,-1.84,,Miami Heat,2002
6,New York Knicks,30,52,0.366,22.0,91.6,95.6,-4.15,,New York Knicks,2002
7,Detroit Pistons*,50,32,0.61,—,94.3,92.2,1.69,,Detroit Pistons*,2002
8,Charlotte Hornets*,44,38,0.537,6.0,93.9,92.9,0.57,,Charlotte Hornets*,2002
9,Toronto Raptors*,42,40,0.512,8.0,91.4,91.8,-0.71,,Toronto Raptors*,2002
10,Indiana Pacers*,42,40,0.512,8.0,96.8,96.5,-0.07,,Indiana Pacers*,2002
11,Milwaukee Bucks,41,41,0.5,9.0,97.5,97.7,-0.62,,Milwaukee Bucks,2002
12,Atlanta Hawks,33,49,0.402,17.0,94.0,98.3,-4.41,,Atlanta Hawks,2002
13,Cleveland Cavaliers,29,53,0.354,21.0,95.3,98.6,-3.52,,Cleveland Cavaliers,2002
14,Chicago Bulls,21,61,0.256,29.0,89.5,98.0,-8.52,,Chicago Bulls,2002
0,,58,24,0.707,—,96.7,90.5,6.28,San Antonio Spurs*,San Antonio Spurs*,2002
1,,57,25,0.695,1.0,105.2,101.0,4.41,Dallas Mavericks*,Dallas Mavericks*,2002
2,,50,32,0.61,8.0,99.3,96.0,3.58,Minnesota Timberwolves*,Minnesota Timberwolves*,2002
3,,44,38,0.537,14.0,96.0,95.1,1.21,Utah Jazz*,Utah Jazz*,2002
4,,28,54,0.341,30.0,92.3,97.2,-4.31,Houston Rockets,Houston Rockets,2002
5,,27,55,0.329,31.0,92.2,98.0,-5.19,Denver Nuggets,Denver Nuggets,2002
6,,23,59,0.28,35.0,89.9,97.3,-6.74,Memphis Grizzlies,Memphis Grizzlies,2002
7,,61,21,0.744,—,104.6,97.0,7.61,Sacramento Kings*,Sacramento Kings*,2002
8,,58,24,0.707,3.0,101.3,94.1,7.15,Los Angeles Lakers*,Los Angeles Lakers*,2002
9,,49,33,0.598,12.0,96.6,93.7,3.21,Portland Trail Blazers*,Portland Trail Blazers*,2002
10,,45,37,0.549,16.0,97.7,94.7,3.24,Seattle SuperSonics*,Seattle SuperSonics*,2002
11,,39,43,0.476,22.0,95.7,96.1,-0.09,Los Angeles Clippers,Los Angeles Clippers,2002
12,,36,46,0.439,25.0,95.1,95.8,-0.3,Phoenix Suns,Phoenix Suns,2002
13,,21,61,0.256,40.0,97.7,103.1,-4.8,Golden State Warriors,Golden State Warriors,2002
0,New Jersey Nets*,49,33,0.598,—,95.4,90.1,4.42,,New Jersey Nets*,2003
1,Philadelphia 76ers*,48,34,0.585,1.0,96.8,94.5,1.76,,Philadelphia 76ers*,2003
2,Boston Celtics*,44,38,0.537,5.0,92.7,93.1,-0.75,,Boston Celtics*,2003
3,Orlando Magic*,42,40,0.512,7.0,98.5,98.4,-0.39,,Orlando Magic*,2003
4,Washington Wizards,37,45,0.451,12.0,91.5,92.5,-1.47,,Washington Wizards,2003
5,New York Knicks,37,45,0.451,12.0,95.9,97.2,-1.61,,New York Knicks,2003
6,Miami Heat,25,57,0.305,24.0,85.6,90.6,-5.13,,Miami Heat,2003
7,Detroit Pistons*,50,32,0.61,—,91.4,87.7,2.97,,Detroit Pistons*,2003
8,Indiana Pacers*,48,34,0.585,2.0,96.8,93.3,2.79,,Indiana Pacers*,2003
9,New Orleans Hornets*,47,35,0.573,3.0,93.9,91.8,1.52,,New Orleans Hornets*,2003
10,Milwaukee Bucks*,42,40,0.512,8.0,99.5,99.3,-0.24,,Milwaukee Bucks*,2003
11,Atlanta Hawks,35,47,0.427,15.0,94.1,97.6,-3.87,,Atlanta Hawks,2003
12,Chicago Bulls,30,52,0.366,20.0,95.0,100.1,-5.31,,Chicago Bulls,2003
13,Toronto Raptors,24,58,0.293,26.0,90.9,96.8,-6.1,,Toronto Raptors,2003
14,Cleveland Cavaliers,17,65,0.207,33.0,91.4,101.0,-9.59,,Cleveland Cavaliers,2003
0,,60,22,0.732,—,95.8,90.4,5.65,San Antonio Spurs*,San Antonio Spurs*,2003
1,,60,22,0.732,—,103.0,95.2,7.9,Dallas Mavericks*,Dallas Mavericks*,2003
2,,51,31,0.622,9.0,98.1,96.0,2.46,Minnesota Timberwolves*,Minnesota Timberwolves*,2003
3,,47,35,0.573,13.0,94.7,92.3,2.76,Utah Jazz*,Utah Jazz*,2003
4,,43,39,0.524,17.0,93.8,92.3,1.89,Houston Rockets,Houston Rockets,2003
5,,28,54,0.341,32.0,97.5,100.7,-2.6,Memphis Grizzlies,Memphis Grizzlies,2003
6,,17,65,0.207,43.0,84.2,92.4,-7.41,Denver Nuggets,Denver Nuggets,2003
7,,59,23,0.72,—,101.7,95.2,6.68,Sacramento Kings*,Sacramento Kings*,2003
8,,50,32,0.61,9.0,100.4,98.0,2.71,Los Angeles Lakers*,Los Angeles Lakers*,2003
9,,50,32,0.61,9.0,95.2,92.5,2.97,Portland Trail Blazers*,Portland Trail Blazers*,2003
10,,44,38,0.537,15.0,95.5,94.4,1.57,Phoenix Suns*,Phoenix Suns*,2003
11,,40,42,0.488,19.0,92.1,92.3,0.37,Seattle SuperSonics,Seattle SuperSonics,2003
12,,38,44,0.463,21.0,102.4,103.6,-0.6,Golden State Warriors,Golden State Warriors,2003
13,,27,55,0.329,32.0,93.8,97.9,-3.45,Los Angeles Clippers,Los Angeles Clippers,2003
0,New Jersey Nets*,47,35,0.573,—,90.3,87.8,1.88,,New Jersey Nets*,2004
1,Miami Heat*,42,40,0.512,5.0,90.3,89.7,-0.13,,Miami Heat*,2004
2,New York Knicks*,39,43,0.476,8.0,92.0,93.5,-1.97,,New York Knicks*,2004
3,Boston Celtics*,36,46,0.439,11.0,95.3,96.7,-1.99,,Boston Celtics*,2004
4,Philadelphia 76ers,33,49,0.402,14.0,88.0,90.5,-2.95,,Philadelphia 76ers,2004
5,Washington Wizards,25,57,0.305,22.0,91.8,97.4,-6.12,,Washington Wizards,2004
6,Orlando Magic,21,61,0.256,26.0,94.0,101.1,-7.25,,Orlando Magic,2004
7,Indiana Pacers*,61,21,0.744,—,91.4,85.6,4.93,,Indiana Pacers*,2004
8,Detroit Pistons*,54,28,0.659,7.0,90.1,84.3,5.04,,Detroit Pistons*,2004
9,New Orleans Hornets*,41,41,0.5,20.0,91.8,91.9,-0.72,,New Orleans Hornets*,2004
10,Milwaukee Bucks*,41,41,0.5,20.0,98.0,97.0,0.42,,Milwaukee Bucks*,2004
11,Cleveland Cavaliers,35,47,0.427,26.0,92.9,95.5,-3.07,,Cleveland Cavaliers,2004
12,Toronto Raptors,33,49,0.402,28.0,85.4,88.5,-3.42,,Toronto Raptors,2004
13,Atlanta Hawks,28,54,0.341,33.0,92.8,97.5,-5.0,,Atlanta Hawks,2004
14,Chicago Bulls,23,59,0.28,38.0,89.7,96.0,-6.69,,Chicago Bulls,2004
0,,58,24,0.707,—,94.5,89.1,5.86,Minnesota Timberwolves*,Minnesota Timberwolves*,2004
1,,57,25,0.695,1.0,91.5,84.3,7.51,San Antonio Spurs*,San Antonio Spurs*,2004
2,,52,30,0.634,6.0,105.2,100.8,4.86,Dallas Mavericks*,Dallas Mavericks*,2004
3,,50,32,0.61,8.0,96.7,94.3,2.95,Memphis Grizzlies*,Memphis Grizzlies*,2004
4,,45,37,0.549,13.0,89.8,88.0,2.28,Houston Rockets*,Houston Rockets*,2004
5,,43,39,0.524,15.0,97.2,96.1,1.65,Denver Nuggets*,Denver Nuggets*,2004
6,,42,40,0.512,16.0,88.7,89.9,-0.53,Utah Jazz,Utah Jazz,2004
7,,56,26,0.683,—,98.2,94.3,4.35,Los Angeles Lakers*,Los Angeles Lakers*,2004
8,,55,27,0.671,1.0,102.8,97.8,5.41,Sacramento Kings*,Sacramento Kings*,2004
9,,41,41,0.5,15.0,90.7,92.0,-0.58,Portland Trail Blazers,Portland Trail Blazers,2004
10,,37,45,0.451,19.0,93.3,94.0,-0.07,Golden State Warriors,Golden State Warriors,2004
11,,37,45,0.451,19.0,97.1,97.8,0.02,Seattle SuperSonics,Seattle SuperSonics,2004
12,,29,53,0.354,27.0,94.2,97.9,-2.94,Phoenix Suns,Phoenix Suns,2004
13,,28,54,0.341,28.0,94.8,99.4,-3.74,Los Angeles Clippers,Los Angeles Clippers,2004
0,Boston Celtics*,45,37,0.549,—,101.3,100.4,0.35,,Boston Celtics*,2005
1,Philadelphia 76ers*,43,39,0.524,2.0,99.1,99.9,-1.07,,Philadelphia 76ers*,2005
2,New Jersey Nets*,42,40,0.512,3.0,91.4,92.9,-1.82,,New Jersey Nets*,2005
3,Toronto Raptors,33,49,0.402,12.0,99.7,101.4,-1.81,,Toronto Raptors,2005
4,New York Knicks,33,49,0.402,12.0,97.3,99.7,-2.72,,New York Knicks,2005
5,Detroit Pistons*,54,28,0.659,—,93.3,89.5,3.31,,Detroit Pistons*,2005
6,Chicago Bulls*,47,35,0.573,7.0,94.5,93.4,0.65,,Chicago Bulls*,2005
7,Indiana Pacers*,44,38,0.537,10.0,93.0,92.2,0.49,,Indiana Pacers*,2005
8,Cleveland Cavaliers,42,40,0.512,12.0,96.5,95.7,0.27,,Cleveland Cavaliers,2005
9,Milwaukee Bucks,30,52,0.366,24.0,97.2,100.2,-3.09,,Milwaukee Bucks,2005
10,Miami Heat*,59,23,0.72,—,101.5,95.0,5.77,,Miami Heat*,2005
11,Washington Wizards*,45,37,0.549,14.0,100.5,100.8,-0.71,,Washington Wizards*,2005
12,Orlando Magic,36,46,0.439,23.0,99.5,101.8,-2.52,,Orlando Magic,2005
13,Charlotte Bobcats,18,64,0.22,41.0,94.3,100.2,-6.15,,Charlotte Bobcats,2005
14,Atlanta Hawks,13,69,0.159,46.0,92.7,102.5,-9.62,,Atlanta Hawks,2005
0,,52,30,0.634,—,98.9,96.6,2.59,Seattle SuperSonics*,Seattle SuperSonics*,2005
1,,49,33,0.598,3.0,99.5,97.5,2.23,Denver Nuggets*,Denver Nuggets*,2005
2,,44,38,0.537,8.0,96.8,95.3,1.73,Minnesota Timberwolves,Minnesota Timberwolves,2005
3,,27,55,0.329,25.0,92.9,96.9,-3.45,Portland Trail Blazers,Portland Trail Blazers,2005
4,,26,56,0.317,26.0,93.0,97.3,-3.74,Utah Jazz,Utah Jazz,2005
5,,62,20,0.756,—,110.4,103.3,7.08,Phoenix Suns*,Phoenix Suns*,2005
6,,50,32,0.61,12.0,103.7,101.6,2.56,Sacramento Kings*,Sacramento Kings*,2005
7,,37,45,0.451,25.0,95.7,96.5,-0.47,Los Angeles Clippers,Los Angeles Clippers,2005
8,,34,48,0.415,28.0,98.7,101.7,-2.32,Los Angeles Lakers,Los Angeles Lakers,2005
9,,34,48,0.415,28.0,98.7,100.9,-1.74,Golden State Warriors,Golden State Warriors,2005
10,,59,23,0.72,—,96.2,88.4,7.84,San Antonio Spurs*,San Antonio Spurs*,2005
11,,58,24,0.707,1.0,102.5,96.8,5.86,Dallas Mavericks*,Dallas Mavericks*,2005
12,,51,31,0.622,8.0,95.1,91.0,4.27,Houston Rockets*,Houston Rockets*,2005
13,,45,37,0.549,14.0,93.4,91.1,2.64,Memphis Grizzlies*,Memphis Grizzlies*,2005
14,,18,64,0.22,41.0,88.4,95.5,-6.3,New Orleans Hornets,New Orleans Hornets,2005
0,New Jersey Nets*,49,33,0.598,—,93.8,92.4,1.11,,New Jersey Nets*,2006
1,Philadelphia 76ers,38,44,0.463,11.0,99.4,101.3,-2.1,,Philadelphia 76ers,2006
2,Boston Celtics,33,49,0.402,16.0,98.0,99.5,-1.59,,Boston Celtics,2006
3,Toronto Raptors,27,55,0.329,22.0,101.1,104.0,-3.03,,Toronto Raptors,2006
4,New York Knicks,23,59,0.28,26.0,95.6,102.0,-6.3,,New York Knicks,2006
5,Detroit Pistons*,64,18,0.78,—,96.8,90.2,6.24,,Detroit Pistons*,2006
6,Cleveland Cavaliers*,50,32,0.61,14.0,97.6,95.4,2.17,,Cleveland Cavaliers*,2006
7,Indiana Pacers*,41,41,0.5,23.0,93.9,92.0,1.62,,Indiana Pacers*,2006
8,Chicago Bulls*,41,41,0.5,23.0,97.8,97.2,0.51,,Chicago Bulls*,2006
9,Milwaukee Bucks*,40,42,0.488,24.0,97.8,98.8,-1.07,,Milwaukee Bucks*,2006
10,Miami Heat*,52,30,0.634,—,99.9,96.0,3.59,,Miami Heat*,2006
11,Washington Wizards*,42,40,0.512,10.0,101.7,99.8,1.57,,Washington Wizards*,2006
12,Orlando Magic,36,46,0.439,16.0,94.9,96.0,-1.26,,Orlando Magic,2006
13,Charlotte Bobcats,26,56,0.317,26.0,96.9,100.9,-3.9,,Charlotte Bobcats,2006
14,Atlanta Hawks,26,56,0.317,26.0,97.2,102.0,-4.69,,Atlanta Hawks,2006
0,,44,38,0.537,—,100.3,100.1,0.36,Denver Nuggets*,Denver Nuggets*,2006
1,,41,41,0.5,3.0,92.4,95.0,-2.49,Utah Jazz,Utah Jazz,2006
2,,35,47,0.427,9.0,102.6,105.6,-2.88,Seattle SuperSonics,Seattle SuperSonics,2006
3,,33,49,0.402,11.0,91.7,93.6,-1.75,Minnesota Timberwolves,Minnesota Timberwolves,2006
4,,21,61,0.256,23.0,88.8,98.3,-8.91,Portland Trail Blazers,Portland Trail Blazers,2006
5,,54,28,0.659,—,108.4,102.8,5.48,Phoenix Suns*,Phoenix Suns*,2006
6,,47,35,0.573,7.0,97.2,95.6,1.75,Los Angeles Clippers*,Los Angeles Clippers*,2006
7,,45,37,0.549,9.0,99.4,96.9,2.53,Los Angeles Lakers*,Los Angeles Lakers*,2006
8,,44,38,0.537,10.0,98.9,97.3,1.61,Sacramento Kings*,Sacramento Kings*,2006
9,,34,48,0.415,20.0,98.5,99.8,-1.11,Golden State Warriors,Golden State Warriors,2006
10,,63,19,0.768,—,95.6,88.8,6.69,San Antonio Spurs*,San Antonio Spurs*,2006
11,,60,22,0.732,3.0,99.1,93.1,5.96,Dallas Mavericks*,Dallas Mavericks*,2006
12,,49,33,0.598,14.0,92.2,88.5,3.74,Memphis Grizzlies*,Memphis Grizzlies*,2006
13,,38,44,0.463,25.0,92.8,95.6,-2.51,New Orleans/Oklahoma City Hornets,New Orleans/Oklahoma City Hornets,2006
14,,34,48,0.415,29.0,90.1,91.7,-1.3,Houston Rockets,Houston Rockets,2006
0,Toronto Raptors*,47,35,0.573,—,99.5,98.5,0.61,,Toronto Raptors*,2007
1,New Jersey Nets*,41,41,0.5,6.0,97.6,98.3,-1.0,,New Jersey Nets*,2007
2,Philadelphia 76ers,35,47,0.427,12.0,94.9,98.0,-3.26,,Philadelphia 76ers,2007
3,New York Knicks,33,49,0.402,14.0,97.5,100.3,-3.06,,New York Knicks,2007
4,Boston Celtics,24,58,0.293,23.0,95.8,99.2,-3.7,,Boston Celtics,2007
5,Detroit Pistons*,53,29,0.646,—,96.0,91.8,3.69,,Detroit Pistons*,2007
6,Cleveland Cavaliers*,50,32,0.61,3.0,96.8,92.9,3.33,,Cleveland Cavaliers*,2007
7,Chicago Bulls*,49,33,0.598,4.0,98.8,93.8,4.52,,Chicago Bulls*,2007
8,Indiana Pacers,35,47,0.427,18.0,95.6,98.0,-2.62,,Indiana Pacers,2007
9,Milwaukee Bucks,28,54,0.341,25.0,99.7,104.0,-4.43,,Milwaukee Bucks,2007
10,Miami Heat*,44,38,0.537,—,94.6,95.5,-1.21,,Miami Heat*,2007
11,Washington Wizards*,41,41,0.5,3.0,104.3,104.9,-0.8,,Washington Wizards*,2007
12,Orlando Magic*,40,42,0.488,4.0,94.8,94.0,0.35,,Orlando Magic*,2007
13,Charlotte Bobcats,33,49,0.402,11.0,96.9,100.6,-3.97,,Charlotte Bobcats,2007
14,Atlanta Hawks,30,52,0.366,14.0,93.7,98.4,-4.86,,Atlanta Hawks,2007
0,,51,31,0.622,—,101.5,98.6,3.06,Utah Jazz*,Utah Jazz*,2007
1,,45,37,0.549,6.0,105.4,103.7,1.69,Denver Nuggets*,Denver Nuggets*,2007
2,,32,50,0.39,19.0,94.1,98.4,-3.78,Portland Trail Blazers,Portland Trail Blazers,2007
3,,32,50,0.39,19.0,96.1,99.7,-3.16,Minnesota Timberwolves,Minnesota Timberwolves,2007
4,,31,51,0.378,20.0,99.1,102.0,-2.45,Seattle SuperSonics,Seattle SuperSonics,2007
5,,61,21,0.744,—,110.2,102.9,7.28,Phoenix Suns*,Phoenix Suns*,2007
6,,42,40,0.512,19.0,103.3,103.4,0.24,Los Angeles Lakers*,Los Angeles Lakers*,2007
7,,42,40,0.512,19.0,106.5,106.9,0.0,Golden State Warriors*,Golden State Warriors*,2007
8,,40,42,0.488,21.0,95.6,96.1,-0.07,Los Angeles Clippers,Los Angeles Clippers,2007
9,,33,49,0.402,28.0,101.3,103.1,-1.35,Sacramento Kings,Sacramento Kings,2007
10,,67,15,0.817,—,100.0,92.8,7.28,Dallas Mavericks*,Dallas Mavericks*,2007
11,,58,24,0.707,9.0,98.5,90.1,8.35,San Antonio Spurs*,San Antonio Spurs*,2007
12,,52,30,0.634,15.0,97.0,92.1,5.04,Houston Rockets*,Houston Rockets*,2007
13,,39,43,0.476,28.0,95.5,97.1,-1.19,New Orleans/Oklahoma City Hornets,New Orleans/Oklahoma City Hornets,2007
14,,22,60,0.268,45.0,101.6,106.7,-4.44,Memphis Grizzlies,Memphis Grizzlies,2007
0,Boston Celtics*,66,16,0.805,—,100.5,90.3,9.3,,Boston Celtics*,2008
1,Toronto Raptors*,41,41,0.5,25.0,100.2,97.3,2.47,,Toronto Raptors*,2008
2,Philadelphia 76ers*,40,42,0.488,26.0,96.6,96.2,0.19,,Philadelphia 76ers*,2008
3,New Jersey Nets,34,48,0.415,32.0,95.8,100.9,-5.15,,New Jersey Nets,2008
4,New York Knicks,23,59,0.28,43.0,96.9,103.5,-6.55,,New York Knicks,2008
5,Detroit Pistons*,59,23,0.72,—,97.5,90.1,6.67,,Detroit Pistons*,2008
6,Cleveland Cavaliers*,45,37,0.549,14.0,96.4,96.7,-0.53,,Cleveland Cavaliers*,2008
7,Indiana Pacers,36,46,0.439,23.0,104.0,105.4,-1.87,,Indiana Pacers,2008
8,Chicago Bulls,33,49,0.402,26.0,97.3,100.4,-3.19,,Chicago Bulls,2008
9,Milwaukee Bucks,26,56,0.317,33.0,97.0,103.9,-6.92,,Milwaukee Bucks,2008
10,Orlando Magic*,52,30,0.634,—,104.5,99.0,4.79,,Orlando Magic*,2008
11,Washington Wizards*,43,39,0.524,9.0,98.8,99.2,-0.61,,Washington Wizards*,2008
12,Atlanta Hawks*,37,45,0.451,15.0,98.2,100.0,-2.23,,Atlanta Hawks*,2008
13,Charlotte Bobcats,32,50,0.39,20.0,97.1,101.4,-4.49,,Charlotte Bobcats,2008
14,Miami Heat,15,67,0.183,37.0,91.4,100.0,-8.53,,Miami Heat,2008
0,,54,28,0.659,—,106.2,99.3,6.86,Utah Jazz*,Utah Jazz*,2008
1,,50,32,0.61,4.0,110.7,107.0,3.74,Denver Nuggets*,Denver Nuggets*,2008
2,,41,41,0.5,13.0,95.4,96.3,-0.52,Portland Trail Blazers,Portland Trail Blazers,2008
3,,22,60,0.268,32.0,95.6,102.4,-6.26,Minnesota Timberwolves,Minnesota Timberwolves,2008
4,,20,62,0.244,34.0,97.5,106.3,-8.04,Seattle SuperSonics,Seattle SuperSonics,2008
5,,57,25,0.695,—,108.6,101.3,7.34,Los Angeles Lakers*,Los Angeles Lakers*,2008
6,,55,27,0.671,2.0,110.1,105.0,5.14,Phoenix Suns*,Phoenix Suns*,2008
7,,48,34,0.585,9.0,111.0,108.8,2.38,Golden State Warriors,Golden State Warriors,2008
8,,38,44,0.463,19.0,102.5,104.8,-1.86,Sacramento Kings,Sacramento Kings,2008
9,,23,59,0.28,34.0,93.8,101.1,-6.56,Los Angeles Clippers,Los Angeles Clippers,2008
10,,56,26,0.683,—,100.9,95.6,5.46,New Orleans Hornets*,New Orleans Hornets*,2008
11,,56,26,0.683,—,95.4,90.6,5.1,San Antonio Spurs*,San Antonio Spurs*,2008
12,,55,27,0.671,1.0,96.7,92.0,4.83,Houston Rockets*,Houston Rockets*,2008
13,,51,31,0.622,5.0,100.4,95.9,4.7,Dallas Mavericks*,Dallas Mavericks*,2008
14,,22,60,0.268,34.0,100.7,106.9,-5.76,Memphis Grizzlies,Memphis Grizzlies,2008
0,Boston Celtics*,62,20,0.756,—,100.9,93.4,7.44,,Boston Celtics*,2009
1,Philadelphia 76ers*,41,41,0.5,21.0,97.4,97.3,0.16,,Philadelphia 76ers*,2009
2,New Jersey Nets,34,48,0.415,28.0,98.1,100.5,-2.31,,New Jersey Nets,2009
3,Toronto Raptors,33,49,0.402,29.0,99.0,101.9,-2.54,,Toronto Raptors,2009
4,New York Knicks,32,50,0.39,30.0,105.2,107.8,-2.33,,New York Knicks,2009
5,Cleveland Cavaliers*,66,16,0.805,—,100.3,91.4,8.68,,Cleveland Cavaliers*,2009
6,Chicago Bulls*,41,41,0.5,25.0,102.2,102.5,-0.16,,Chicago Bulls*,2009
7,Detroit Pistons*,39,43,0.476,27.0,94.2,94.7,-0.36,,Detroit Pistons*,2009
8,Indiana Pacers,36,46,0.439,30.0,105.1,106.2,-0.76,,Indiana Pacers,2009
9,Milwaukee Bucks,34,48,0.415,32.0,99.3,100.4,-0.88,,Milwaukee Bucks,2009
10,Orlando Magic*,59,23,0.72,—,101.0,94.4,6.48,,Orlando Magic*,2009
11,Atlanta Hawks*,47,35,0.573,12.0,98.1,96.5,1.7,,Atlanta Hawks*,2009
12,Miami Heat*,43,39,0.524,16.0,98.3,98.0,0.49,,Miami Heat*,2009
13,Charlotte Bobcats,35,47,0.427,24.0,93.6,94.9,-1.2,,Charlotte Bobcats,2009
14,Washington Wizards,19,63,0.232,40.0,96.1,103.5,-6.98,,Washington Wizards,2009
0,,54,28,0.659,—,104.3,100.9,3.13,Denver Nuggets*,Denver Nuggets*,2009
1,,54,28,0.659,—,99.4,94.1,5.0,Portland Trail Blazers*,Portland Trail Blazers*,2009
2,,48,34,0.585,6.0,103.6,100.9,2.31,Utah Jazz*,Utah Jazz*,2009
3,,24,58,0.293,30.0,97.8,102.7,-4.74,Minnesota Timberwolves,Minnesota Timberwolves,2009
4,,23,59,0.28,31.0,97.0,103.1,-6.04,Oklahoma City Thunder,Oklahoma City Thunder,2009
5,,65,17,0.793,—,106.9,99.3,7.11,Los Angeles Lakers*,Los Angeles Lakers*,2009
6,,46,36,0.561,19.0,109.4,107.5,1.62,Phoenix Suns,Phoenix Suns,2009
7,,29,53,0.354,36.0,108.6,112.3,-3.8,Golden State Warriors,Golden State Warriors,2009
8,,19,63,0.232,46.0,95.1,103.9,-8.47,Los Angeles Clippers,Los Angeles Clippers,2009
9,,17,65,0.207,48.0,100.6,109.3,-8.6,Sacramento Kings,Sacramento Kings,2009
10,,54,28,0.659,—,97.0,93.3,3.36,San Antonio Spurs*,San Antonio Spurs*,2009
11,,53,29,0.646,1.0,98.4,94.4,3.73,Houston Rockets*,Houston Rockets*,2009
12,,50,32,0.61,4.0,101.7,99.8,1.68,Dallas Mavericks*,Dallas Mavericks*,2009
13,,49,33,0.598,5.0,95.8,94.3,1.41,New Orleans Hornets*,New Orleans Hornets*,2009
14,,24,58,0.293,30.0,93.9,99.3,-5.23,Memphis Grizzlies,Memphis Grizzlies,2009
0,Boston Celtics*,50,32,0.61,—,99.2,95.6,3.37,,Boston Celtics*,2010
1,Toronto Raptors,40,42,0.488,10.0,104.1,105.9,-1.83,,Toronto Raptors,2010
2,New York Knicks,29,53,0.354,21.0,102.1,105.9,-4.01,,New York Knicks,2010
3,Philadelphia 76ers,27,55,0.329,23.0,97.7,101.6,-3.93,,Philadelphia 76ers,2010
4,New Jersey Nets,12,70,0.146,38.0,92.4,101.5,-8.93,,New Jersey Nets,2010
5,Cleveland Cavaliers*,61,21,0.744,—,102.1,95.6,6.17,,Cleveland Cavaliers*,2010
6,Milwaukee Bucks*,46,36,0.561,15.0,97.7,96.0,1.37,,Milwaukee Bucks*,2010
7,Chicago Bulls*,41,41,0.5,20.0,97.5,99.1,-1.64,,Chicago Bulls*,2010
8,Indiana Pacers,32,50,0.39,29.0,100.8,103.8,-3.11,,Indiana Pacers,2010
9,Detroit Pistons,27,55,0.329,34.0,94.0,99.1,-5.02,,Detroit Pistons,2010
10,Orlando Magic*,59,23,0.72,—,102.8,95.3,7.12,,Orlando Magic*,2010
11,Atlanta Hawks*,53,29,0.646,6.0,101.7,97.0,4.44,,Atlanta Hawks*,2010
12,Miami Heat*,47,35,0.573,12.0,96.5,94.2,1.99,,Miami Heat*,2010
13,Charlotte Bobcats*,44,38,0.537,15.0,95.3,93.8,1.3,,Charlotte Bobcats*,2010
14,Washington Wizards,26,56,0.317,33.0,96.2,101.0,-4.72,,Washington Wizards,2010
0,,53,29,0.646,—,106.5,102.4,4.15,Denver Nuggets*,Denver Nuggets*,2010
1,,53,29,0.646,—,104.2,98.9,5.33,Utah Jazz*,Utah Jazz*,2010
2,,50,32,0.61,3.0,98.1,94.8,3.18,Portland Trail Blazers*,Portland Trail Blazers*,2010
3,,50,32,0.61,3.0,101.5,98.0,3.55,Oklahoma City Thunder*,Oklahoma City Thunder*,2010
4,,15,67,0.183,38.0,98.2,107.8,-9.06,Minnesota Timberwolves,Minnesota Timberwolves,2010
5,,57,25,0.695,—,101.7,97.0,4.78,Los Angeles Lakers*,Los Angeles Lakers*,2010
6,,54,28,0.659,3.0,110.2,105.3,4.67,Phoenix Suns*,Phoenix Suns*,2010
7,,29,53,0.354,28.0,95.7,102.1,-6.01,Los Angeles Clippers,Los Angeles Clippers,2010
8,,26,56,0.317,31.0,108.8,112.4,-3.28,Golden State Warriors,Golden State Warriors,2010
9,,25,57,0.305,32.0,100.0,104.4,-4.06,Sacramento Kings,Sacramento Kings,2010
10,,55,27,0.671,—,102.0,99.3,2.66,Dallas Mavericks*,Dallas Mavericks*,2010
11,,50,32,0.61,5.0,101.4,96.3,5.07,San Antonio Spurs*,San Antonio Spurs*,2010
12,,42,40,0.512,13.0,102.4,102.7,-0.02,Houston Rockets,Houston Rockets,2010
13,,40,42,0.488,15.0,102.5,104.0,-1.39,Memphis Grizzlies,Memphis Grizzlies,2010
14,,37,45,0.451,18.0,100.2,102.7,-2.27,New Orleans Hornets,New Orleans Hornets,2010
0,Boston Celtics*,56,26,0.683,—,96.5,91.1,4.83,,Boston Celtics*,2011
1,New York Knicks*,42,40,0.512,14.0,106.5,105.7,0.48,,New York Knicks*,2011
2,Philadelphia 76ers*,41,41,0.5,15.0,99.0,97.5,1.01,,Philadelphia 76ers*,2011
3,New Jersey Nets,24,58,0.293,32.0,94.2,100.4,-6.28,,New Jersey Nets,2011
4,Toronto Raptors,22,60,0.268,34.0,99.1,105.4,-6.28,,Toronto Raptors,2011
5,Chicago Bulls*,62,20,0.756,—,98.6,91.3,6.53,,Chicago Bulls*,2011
6,Indiana Pacers*,37,45,0.451,25.0,99.8,100.9,-1.38,,Indiana Pacers*,2011
7,Milwaukee Bucks,35,47,0.427,27.0,91.9,92.7,-1.02,,Milwaukee Bucks,2011
8,Detroit Pistons,30,52,0.366,32.0,97.0,100.6,-3.78,,Detroit Pistons,2011
9,Cleveland Cavaliers,19,63,0.232,43.0,95.5,104.5,-8.88,,Cleveland Cavaliers,2011
10,Miami Heat*,58,24,0.707,—,102.1,94.6,6.76,,Miami Heat*,2011
11,Orlando Magic*,52,30,0.634,6.0,99.2,93.7,4.92,,Orlando Magic*,2011
12,Atlanta Hawks*,44,38,0.537,14.0,95.0,95.8,-1.1,,Atlanta Hawks*,2011
13,Charlotte Bobcats,34,48,0.415,24.0,93.3,97.3,-4.08,,Charlotte Bobcats,2011
14,Washington Wizards,23,59,0.28,35.0,97.3,104.7,-7.3,,Washington Wizards,2011
0,,55,27,0.671,—,104.8,101.0,3.81,Oklahoma City Thunder*,Oklahoma City Thunder*,2011
1,,50,32,0.61,5.0,107.5,102.7,4.81,Denver Nuggets*,Denver Nuggets*,2011
2,,48,34,0.585,7.0,96.3,94.8,1.85,Portland Trail Blazers*,Portland Trail Blazers*,2011
3,,39,43,0.476,16.0,99.4,101.3,-1.44,Utah Jazz,Utah Jazz,2011
4,,17,65,0.207,38.0,101.1,107.7,-5.97,Minnesota Timberwolves,Minnesota Timberwolves,2011
5,,57,25,0.695,—,101.5,95.4,6.01,Los Angeles Lakers*,Los Angeles Lakers*,2011
6,,40,42,0.488,17.0,105.0,105.9,-0.46,Phoenix Suns,Phoenix Suns,2011
7,,36,46,0.439,21.0,103.4,105.7,-2.0,Golden State Warriors,Golden State Warriors,2011
8,,32,50,0.39,25.0,98.6,101.8,-2.71,Los Angeles Clippers,Los Angeles Clippers,2011
9,,24,58,0.293,33.0,99.4,104.7,-4.8,Sacramento Kings,Sacramento Kings,2011
10,,61,21,0.744,—,103.7,98.0,5.86,San Antonio Spurs*,San Antonio Spurs*,2011
11,,57,25,0.695,4.0,100.2,96.0,4.41,Dallas Mavericks*,Dallas Mavericks*,2011
12,,46,36,0.561,15.0,94.9,94.0,1.28,New Orleans Hornets*,New Orleans Hornets*,2011
13,,46,36,0.561,15.0,99.9,97.6,2.55,Memphis Grizzlies*,Memphis Grizzlies*,2011
14,,43,39,0.524,18.0,105.9,103.7,2.37,Houston Rockets,Houston Rockets,2011
0,Boston Celtics*,39,27,0.591,—,91.8,89.3,2.26,,Boston Celtics*,2012
1,New York Knicks*,36,30,0.545,3.0,97.8,94.7,2.39,,New York Knicks*,2012
2,Philadelphia 76ers*,35,31,0.53,4.0,93.6,89.4,3.59,,Philadelphia 76ers*,2012
3,Toronto Raptors,23,43,0.348,16.0,90.7,94.0,-3.67,,Toronto Raptors,2012
4,New Jersey Nets,22,44,0.333,17.0,93.1,99.1,-6.37,,New Jersey Nets,2012
5,Chicago Bulls*,50,16,0.758,—,96.3,88.2,7.43,,Chicago Bulls*,2012
6,Indiana Pacers*,42,24,0.636,8.0,97.7,94.4,2.6,,Indiana Pacers*,2012
7,Milwaukee Bucks,31,35,0.47,19.0,99.0,98.7,-0.23,,Milwaukee Bucks,2012
8,Detroit Pistons,25,41,0.379,25.0,90.9,95.7,-5.19,,Detroit Pistons,2012
9,Cleveland Cavaliers,21,45,0.318,29.0,93.0,100.2,-7.34,,Cleveland Cavaliers,2012
10,Miami Heat*,46,20,0.697,—,98.5,92.5,5.72,,Miami Heat*,2012
11,Atlanta Hawks*,40,26,0.606,6.0,96.6,93.2,2.67,,Atlanta Hawks*,2012
12,Orlando Magic*,37,29,0.561,9.0,94.2,93.4,0.46,,Orlando Magic*,2012
13,Washington Wizards,20,46,0.303,26.0,93.6,98.4,-5.14,,Washington Wizards,2012
14,Charlotte Bobcats,7,59,0.106,39.0,87.0,100.9,-13.96,,Charlotte Bobcats,2012
0,,47,19,0.712,—,103.1,96.9,6.44,Oklahoma City Thunder*,Oklahoma City Thunder*,2012
1,,38,28,0.576,9.0,104.1,101.2,3.16,Denver Nuggets*,Denver Nuggets*,2012
2,,36,30,0.545,11.0,99.7,99.0,0.92,Utah Jazz*,Utah Jazz*,2012
3,,28,38,0.424,19.0,97.2,97.8,-0.22,Portland Trail Blazers,Portland Trail Blazers,2012
4,,26,40,0.394,21.0,97.9,100.1,-1.83,Minnesota Timberwolves,Minnesota Timberwolves,2012
5,,41,25,0.621,—,97.3,95.9,1.96,Los Angeles Lakers*,Los Angeles Lakers*,2012
6,,40,26,0.606,1.0,97.5,95.0,2.82,Los Angeles Clippers*,Los Angeles Clippers*,2012
7,,33,33,0.5,8.0,98.4,98.6,0.29,Phoenix Suns,Phoenix Suns,2012
8,,23,43,0.348,18.0,97.8,101.2,-2.79,Golden State Warriors,Golden State Warriors,2012
9,,22,44,0.333,19.0,98.8,104.4,-4.95,Sacramento Kings,Sacramento Kings,2012
10,,50,16,0.758,—,103.7,96.5,7.28,San Antonio Spurs*,San Antonio Spurs*,2012
11,,41,25,0.621,9.0,95.0,93.0,2.43,Memphis Grizzlies*,Memphis Grizzlies*,2012
12,,36,30,0.545,14.0,95.8,94.8,1.78,Dallas Mavericks*,Dallas Mavericks*,2012
13,,34,32,0.515,16.0,98.1,97.9,0.57,Houston Rockets,Houston Rockets,2012
14,,21,45,0.318,29.0,89.6,93.4,-3.11,New Orleans Hornets,New Orleans Hornets,2012
0,New York Knicks*,54,28,0.659,—,100.0,95.7,3.73,,New York Knicks*,2013
1,Brooklyn Nets*,49,33,0.598,5.0,96.9,95.1,1.25,,Brooklyn Nets*,2013
2,Boston Celtics*,41,40,0.506,12.5,96.5,96.7,-0.62,,Boston Celtics*,2013
3,Philadelphia 76ers,34,48,0.415,20.0,93.2,96.5,-3.51,,Philadelphia 76ers,2013
4,Toronto Raptors,34,48,0.415,20.0,97.2,98.7,-1.96,,Toronto Raptors,2013
5,Indiana Pacers*,49,32,0.605,—,94.7,90.7,3.34,,Indiana Pacers*,2013
6,Chicago Bulls*,45,37,0.549,4.5,93.2,92.9,-0.02,,Chicago Bulls*,2013
7,Milwaukee Bucks*,38,44,0.463,11.5,98.9,100.4,-1.83,,Milwaukee Bucks*,2013
8,Detroit Pistons,29,53,0.354,20.5,94.9,98.8,-4.33,,Detroit Pistons,2013
9,Cleveland Cavaliers,24,58,0.293,25.5,96.5,101.2,-4.87,,Cleveland Cavaliers,2013
10,Miami Heat*,66,16,0.805,—,102.9,95.0,7.03,,Miami Heat*,2013
11,Atlanta Hawks*,44,38,0.537,22.0,98.0,97.5,-0.08,,Atlanta Hawks*,2013
12,Washington Wizards,29,53,0.354,37.0,93.2,95.8,-2.78,,Washington Wizards,2013
13,Charlotte Bobcats,21,61,0.256,45.0,93.4,102.7,-9.29,,Charlotte Bobcats,2013
14,Orlando Magic,20,62,0.244,46.0,94.1,101.1,-7.12,,Orlando Magic,2013
0,,60,22,0.732,—,105.7,96.5,9.15,Oklahoma City Thunder*,Oklahoma City Thunder*,2013
1,,57,25,0.695,3.0,106.1,101.1,5.37,Denver Nuggets*,Denver Nuggets*,2013
2,,43,39,0.524,17.0,98.0,98.1,0.3,Utah Jazz,Utah Jazz,2013
3,,33,49,0.402,27.0,97.5,100.7,-2.53,Portland Trail Blazers,Portland Trail Blazers,2013
4,,31,51,0.378,29.0,95.7,98.1,-1.83,Minnesota Timberwolves,Minnesota Timberwolves,2013
5,,56,26,0.683,—,101.1,94.6,6.43,Los Angeles Clippers*,Los Angeles Clippers*,2013
6,,47,35,0.573,9.0,101.2,100.3,1.32,Golden State Warriors*,Golden State Warriors*,2013
7,,45,37,0.549,11.0,102.2,101.0,1.48,Los Angeles Lakers*,Los Angeles Lakers*,2013
8,,28,54,0.341,28.0,100.2,105.1,-4.26,Sacramento Kings,Sacramento Kings,2013
9,,25,57,0.305,31.0,95.2,101.6,-5.75,Phoenix Suns,Phoenix Suns,2013
10,,58,24,0.707,—,103.0,96.6,6.67,San Antonio Spurs*,San Antonio Spurs*,2013
11,,56,26,0.683,2.0,93.4,89.3,4.32,Memphis Grizzlies*,Memphis Grizzlies*,2013
12,,45,37,0.549,13.0,106.0,102.5,3.69,Houston Rockets*,Houston Rockets*,2013
13,,41,41,0.5,17.0,101.1,101.7,-0.24,Dallas Mavericks,Dallas Mavericks,2013
14,,27,55,0.329,31.0,94.1,97.9,-3.12,New Orleans Hornets,New Orleans Hornets,2013
0,Toronto Raptors*,48,34,0.585,—,101.3,98.0,2.55,,Toronto Raptors*,2014
1,Brooklyn Nets*,44,38,0.537,4.0,98.5,99.5,-1.58,,Brooklyn Nets*,2014
2,New York Knicks,37,45,0.451,11.0,98.6,99.4,-1.4,,New York Knicks,2014
3,Boston Celtics,25,57,0.305,23.0,96.2,100.7,-4.97,,Boston Celtics,2014
4,Philadelphia 76ers,19,63,0.232,29.0,99.5,109.9,-10.66,,Philadelphia 76ers,2014
5,Indiana Pacers*,56,26,0.683,—,96.7,92.3,3.63,,Indiana Pacers*,2014
6,Chicago Bulls*,48,34,0.585,8.0,93.7,91.8,1.2,,Chicago Bulls*,2014
7,Cleveland Cavaliers,33,49,0.402,23.0,98.2,101.5,-3.86,,Cleveland Cavaliers,2014
8,Detroit Pistons,29,53,0.354,27.0,101.0,104.7,-4.13,,Detroit Pistons,2014
9,Milwaukee Bucks,15,67,0.183,41.0,95.5,103.7,-8.41,,Milwaukee Bucks,2014
10,Miami Heat*,54,28,0.659,—,102.2,97.4,4.15,,Miami Heat*,2014
11,Washington Wizards*,44,38,0.537,10.0,100.7,99.4,0.48,,Washington Wizards*,2014
12,Charlotte Bobcats*,43,39,0.524,11.0,96.9,97.1,-0.89,,Charlotte Bobcats*,2014
13,Atlanta Hawks*,38,44,0.463,16.0,101.0,101.5,-0.88,,Atlanta Hawks*,2014
14,Orlando Magic,23,59,0.28,31.0,96.5,102.0,-5.88,,Orlando Magic,2014
0,,59,23,0.72,—,106.2,99.8,6.66,Oklahoma City Thunder*,Oklahoma City Thunder*,2014
1,,54,28,0.659,5.0,106.7,102.8,4.44,Portland Trail Blazers*,Portland Trail Blazers*,2014
2,,40,42,0.488,19.0,106.9,104.3,3.1,Minnesota Timberwolves,Minnesota Timberwolves,2014
3,,36,46,0.439,23.0,104.4,106.5,-1.4,Denver Nuggets,Denver Nuggets,2014
4,,25,57,0.305,34.0,95.0,102.2,-6.27,Utah Jazz,Utah Jazz,2014
5,,57,25,0.695,—,107.9,101.0,7.27,Los Angeles Clippers*,Los Angeles Clippers*,2014
6,,51,31,0.622,6.0,104.3,99.5,5.15,Golden State Warriors*,Golden State Warriors*,2014
7,,48,34,0.585,9.0,105.2,102.6,3.02,Phoenix Suns,Phoenix Suns,2014
8,,28,54,0.341,29.0,100.5,103.4,-2.08,Sacramento Kings,Sacramento Kings,2014
9,,27,55,0.329,30.0,103.0,109.2,-5.33,Los Angeles Lakers,Los Angeles Lakers,2014
10,,62,20,0.756,—,105.4,97.6,8.0,San Antonio Spurs*,San Antonio Spurs*,2014
11,,54,28,0.659,8.0,107.7,103.1,5.06,Houston Rockets*,Houston Rockets*,2014
12,,50,32,0.61,12.0,96.1,94.6,2.18,Memphis Grizzlies*,Memphis Grizzlies*,2014
13,,49,33,0.598,13.0,104.8,102.4,2.91,Dallas Mavericks*,Dallas Mavericks*,2014
14,,34,48,0.415,28.0,99.7,102.4,-1.98,New Orleans Pelicans,New Orleans Pelicans,2014
0,Toronto Raptors*,49,33,0.598,—,104.0,100.9,2.45,,Toronto Raptors*,2015
1,Boston Celtics*,40,42,0.488,9.0,101.4,101.2,-0.4,,Boston Celtics*,2015
2,Brooklyn Nets*,38,44,0.463,11.0,98.0,100.9,-3.13,,Brooklyn Nets*,2015
3,Philadelphia 76ers,18,64,0.22,31.0,92.0,101.0,-9.04,,Philadelphia 76ers,2015
4,New York Knicks,17,65,0.207,32.0,91.9,101.2,-9.5,,New York Knicks,2015
5,Cleveland Cavaliers*,53,29,0.646,—,103.1,98.7,4.08,,Cleveland Cavaliers*,2015
6,Chicago Bulls*,50,32,0.61,3.0,100.8,97.8,2.54,,Chicago Bulls*,2015
7,Milwaukee Bucks*,41,41,0.5,12.0,97.8,97.4,-0.09,,Milwaukee Bucks*,2015
8,Indiana Pacers,38,44,0.463,15.0,97.3,97.0,-0.23,,Indiana Pacers,2015
9,Detroit Pistons,32,50,0.39,21.0,98.5,99.5,-1.39,,Detroit Pistons,2015
10,Atlanta Hawks*,60,22,0.732,—,102.5,97.1,4.75,,Atlanta Hawks*,2015
11,Washington Wizards*,46,36,0.561,14.0,98.5,97.8,0.17,,Washington Wizards*,2015
12,Miami Heat,37,45,0.451,23.0,94.7,97.3,-2.92,,Miami Heat,2015
13,Charlotte Hornets,33,49,0.402,27.0,94.2,97.3,-3.44,,Charlotte Hornets,2015
14,Orlando Magic,25,57,0.305,35.0,95.7,101.4,-5.87,,Orlando Magic,2015
0,,51,31,0.622,—,102.8,98.6,4.41,Portland Trail Blazers*,Portland Trail Blazers*,2015
1,,45,37,0.549,6.0,104.0,101.8,2.47,Oklahoma City Thunder,Oklahoma City Thunder,2015
2,,38,44,0.463,13.0,95.1,94.9,0.71,Utah Jazz,Utah Jazz,2015
3,,30,52,0.366,21.0,101.5,105.0,-3.07,Denver Nuggets,Denver Nuggets,2015
4,,16,66,0.195,35.0,97.8,106.5,-8.0,Minnesota Timberwolves,Minnesota Timberwolves,2015
5,,67,15,0.817,—,110.0,99.9,10.01,Golden State Warriors*,Golden State Warriors*,2015
6,,56,26,0.683,11.0,106.7,100.1,6.8,Los Angeles Clippers*,Los Angeles Clippers*,2015
7,,39,43,0.476,28.0,102.4,103.3,-0.38,Phoenix Suns,Phoenix Suns,2015
8,,29,53,0.354,38.0,101.3,105.0,-3.07,Sacramento Kings,Sacramento Kings,2015
9,,21,61,0.256,46.0,98.5,105.3,-6.17,Los Angeles Lakers,Los Angeles Lakers,2015
10,,56,26,0.683,—,103.9,100.5,3.82,Houston Rockets*,Houston Rockets*,2015
11,,55,27,0.671,1.0,98.3,95.1,3.62,Memphis Grizzlies*,Memphis Grizzlies*,2015
12,,55,27,0.671,1.0,103.2,97.0,6.34,San Antonio Spurs*,San Antonio Spurs*,2015
13,,50,32,0.61,6.0,105.2,102.3,3.36,Dallas Mavericks*,Dallas Mavericks*,2015
14,,45,37,0.549,11.0,99.4,98.6,1.13,New Orleans Pelicans*,New Orleans Pelicans*,2015
0,Toronto Raptors*,56,26,0.683,—,102.7,98.2,4.08,,Toronto Raptors*,2016
1,Boston Celtics*,48,34,0.585,8.0,105.7,102.5,2.84,,Boston Celtics*,2016
2,New York Knicks,32,50,0.39,24.0,98.4,101.1,-2.74,,New York Knicks,2016
3,Brooklyn Nets,21,61,0.256,35.0,98.6,106.0,-7.12,,Brooklyn Nets,2016
4,Philadelphia 76ers,10,72,0.122,46.0,97.4,107.6,-9.92,,Philadelphia 76ers,2016
5,Cleveland Cavaliers*,57,25,0.695,—,104.3,98.3,5.45,,Cleveland Cavaliers*,2016
6,Indiana Pacers*,45,37,0.549,12.0,102.2,100.5,1.62,,Indiana Pacers*,2016
7,Detroit Pistons*,44,38,0.537,13.0,102.0,101.4,0.43,,Detroit Pistons*,2016
8,Chicago Bulls,42,40,0.512,15.0,101.6,103.1,-1.46,,Chicago Bulls,2016
9,Milwaukee Bucks,33,49,0.402,24.0,99.0,103.2,-3.98,,Milwaukee Bucks,2016
10,Miami Heat*,48,34,0.585,—,100.0,98.4,1.5,,Miami Heat*,2016
11,Atlanta Hawks*,48,34,0.585,—,102.8,99.2,3.49,,Atlanta Hawks*,2016
12,Charlotte Hornets*,48,34,0.585,—,103.4,100.7,2.36,,Charlotte Hornets*,2016
13,Washington Wizards,41,41,0.5,7.0,104.1,104.6,-0.5,,Washington Wizards,2016
14,Orlando Magic,35,47,0.427,13.0,102.1,103.7,-1.68,,Orlando Magic,2016
0,,55,27,0.671,—,110.2,102.9,7.09,Oklahoma City Thunder*,Oklahoma City Thunder*,2016
1,,44,38,0.537,11.0,105.1,104.3,0.98,Portland Trail Blazers*,Portland Trail Blazers*,2016
2,,40,42,0.488,15.0,97.7,95.9,1.84,Utah Jazz,Utah Jazz,2016
3,,33,49,0.402,22.0,101.9,105.0,-2.81,Denver Nuggets,Denver Nuggets,2016
4,,29,53,0.354,26.0,102.4,106.0,-3.38,Minnesota Timberwolves,Minnesota Timberwolves,2016
5,,73,9,0.89,—,114.9,104.1,10.38,Golden State Warriors*,Golden State Warriors*,2016
6,,53,29,0.646,20.0,104.5,100.2,4.13,Los Angeles Clippers*,Los Angeles Clippers*,2016
7,,33,49,0.402,40.0,106.6,109.1,-2.32,Sacramento Kings,Sacramento Kings,2016
8,,23,59,0.28,50.0,100.9,107.5,-6.32,Phoenix Suns,Phoenix Suns,2016
9,,17,65,0.207,56.0,97.3,106.9,-8.92,Los Angeles Lakers,Los Angeles Lakers,2016
10,,67,15,0.817,—,103.5,92.9,10.28,San Antonio Spurs*,San Antonio Spurs*,2016
11,,42,40,0.512,25.0,102.3,102.6,-0.02,Dallas Mavericks*,Dallas Mavericks*,2016
12,,42,40,0.512,25.0,99.1,101.3,-2.14,Memphis Grizzlies*,Memphis Grizzlies*,2016
13,,41,41,0.5,26.0,106.5,106.4,0.34,Houston Rockets*,Houston Rockets*,2016
14,,30,52,0.366,37.0,102.7,106.5,-3.56,New Orleans Pelicans,New Orleans Pelicans,2016
0,Boston Celtics*,53,29,0.646,—,108.0,105.4,2.25,,Boston Celtics*,2017
1,Toronto Raptors*,51,31,0.622,2.0,106.9,102.6,3.65,,Toronto Raptors*,2017
2,New York Knicks,31,51,0.378,22.0,104.3,108.0,-3.87,,New York Knicks,2017
3,Philadelphia 76ers,28,54,0.341,25.0,102.4,108.1,-5.83,,Philadelphia 76ers,2017
4,Brooklyn Nets,20,62,0.244,33.0,105.8,112.5,-6.74,,Brooklyn Nets,2017
5,Cleveland Cavaliers*,51,31,0.622,—,110.3,107.2,2.87,,Cleveland Cavaliers*,2017
6,Milwaukee Bucks*,42,40,0.512,9.0,103.6,103.8,-0.45,,Milwaukee Bucks*,2017
7,Indiana Pacers*,42,40,0.512,9.0,105.1,105.3,-0.64,,Indiana Pacers*,2017
8,Chicago Bulls*,41,41,0.5,10.0,102.9,102.4,0.03,,Chicago Bulls*,2017
9,Detroit Pistons,37,45,0.451,14.0,101.3,102.5,-1.29,,Detroit Pistons,2017
10,Washington Wizards*,49,33,0.598,—,109.2,107.4,1.36,,Washington Wizards*,2017
11,Atlanta Hawks*,43,39,0.524,6.0,103.2,104.0,-1.23,,Atlanta Hawks*,2017
12,Miami Heat,41,41,0.5,8.0,103.2,102.1,0.77,,Miami Heat,2017
13,Charlotte Hornets,36,46,0.439,13.0,104.9,104.7,-0.07,,Charlotte Hornets,2017
14,Orlando Magic,29,53,0.354,20.0,101.1,107.6,-6.61,,Orlando Magic,2017
0,,51,31,0.622,—,100.7,96.8,4.0,Utah Jazz*,Utah Jazz*,2017
1,,47,35,0.573,4.0,106.6,105.8,1.14,Oklahoma City Thunder*,Oklahoma City Thunder*,2017
2,,41,41,0.5,10.0,107.9,108.5,-0.23,Portland Trail Blazers*,Portland Trail Blazers*,2017
3,,40,42,0.488,11.0,111.7,111.2,0.7,Denver Nuggets,Denver Nuggets,2017
4,,31,51,0.378,20.0,105.6,106.7,-0.64,Minnesota Timberwolves,Minnesota Timberwolves,2017
5,,67,15,0.817,—,115.9,104.3,11.35,Golden State Warriors*,Golden State Warriors*,2017
6,,51,31,0.622,16.0,108.7,104.4,4.42,Los Angeles Clippers*,Los Angeles Clippers*,2017
7,,32,50,0.39,35.0,102.8,106.7,-3.29,Sacramento Kings,Sacramento Kings,2017
8,,26,56,0.317,41.0,104.6,111.5,-6.29,Los Angeles Lakers,Los Angeles Lakers,2017
9,,24,58,0.293,43.0,107.7,113.3,-5.14,Phoenix Suns,Phoenix Suns,2017
10,,61,21,0.744,—,105.3,98.1,7.13,San Antonio Spurs*,San Antonio Spurs*,2017
11,,55,27,0.671,6.0,115.3,109.6,5.84,Houston Rockets*,Houston Rockets*,2017
12,,43,39,0.524,18.0,100.5,100.0,0.96,Memphis Grizzlies*,Memphis Grizzlies*,2017
13,,34,48,0.415,27.0,104.3,106.4,-1.69,New Orleans Pelicans,New Orleans Pelicans,2017
14,,33,49,0.402,28.0,97.9,100.8,-2.53,Dallas Mavericks,Dallas Mavericks,2017
0,Toronto Raptors*,59,23,0.72,—,111.7,103.9,7.29,,Toronto Raptors*,2018
1,Boston Celtics*,55,27,0.671,4.0,104.0,100.4,3.23,,Boston Celtics*,2018
2,Philadelphia 76ers*,52,30,0.634,7.0,109.8,105.3,4.3,,Philadelphia 76ers*,2018
3,New York Knicks,29,53,0.354,30.0,104.5,108.0,-3.53,,New York Knicks,2018
4,Brooklyn Nets,28,54,0.341,31.0,106.6,110.3,-3.67,,Brooklyn Nets,2018
5,Cleveland Cavaliers*,50,32,0.61,—,110.9,109.9,0.59,,Cleveland Cavaliers*,2018
6,Indiana Pacers*,48,34,0.585,2.0,105.6,104.2,1.18,,Indiana Pacers*,2018
7,Milwaukee Bucks*,44,38,0.537,6.0,106.5,106.8,-0.45,,Milwaukee Bucks*,2018
8,Detroit Pistons,39,43,0.476,11.0,103.8,103.9,-0.26,,Detroit Pistons,2018
9,Chicago Bulls,27,55,0.329,23.0,102.9,110.0,-6.84,,Chicago Bulls,2018
10,Miami Heat*,44,38,0.537,—,103.4,102.9,0.15,,Miami Heat*,2018
11,Washington Wizards*,43,39,0.524,1.0,106.6,106.0,0.53,,Washington Wizards*,2018
12,Charlotte Hornets,36,46,0.439,8.0,108.2,108.0,0.07,,Charlotte Hornets,2018
13,Orlando Magic,25,57,0.305,19.0,103.4,108.2,-4.92,,Orlando Magic,2018
14,Atlanta Hawks,24,58,0.293,20.0,103.4,108.8,-5.3,,Atlanta Hawks,2018
0,,49,33,0.598,—,105.6,103.0,2.6,Portland Trail Blazers*,Portland Trail Blazers*,2018
1,,48,34,0.585,1.0,107.9,104.4,3.42,Oklahoma City Thunder*,Oklahoma City Thunder*,2018
2,,48,34,0.585,1.0,104.1,99.8,4.47,Utah Jazz*,Utah Jazz*,2018
3,,47,35,0.573,2.0,109.5,107.3,2.35,Minnesota Timberwolves*,Minnesota Timberwolves*,2018
4,,46,36,0.561,3.0,110.0,108.5,1.57,Denver Nuggets,Denver Nuggets,2018
5,,58,24,0.707,—,113.5,107.5,5.79,Golden State Warriors*,Golden State Warriors*,2018
6,,42,40,0.512,16.0,109.0,109.0,0.15,Los Angeles Clippers,Los Angeles Clippers,2018
7,,35,47,0.427,23.0,108.1,109.6,-1.44,Los Angeles Lakers,Los Angeles Lakers,2018
8,,27,55,0.329,31.0,98.8,105.8,-6.6,Sacramento Kings,Sacramento Kings,2018
9,,21,61,0.256,37.0,103.9,113.3,-8.8,Phoenix Suns,Phoenix Suns,2018
10,,65,17,0.793,—,112.4,103.9,8.21,Houston Rockets*,Houston Rockets*,2018
11,,48,34,0.585,17.0,111.7,110.4,1.48,New Orleans Pelicans*,New Orleans Pelicans*,2018
12,,47,35,0.573,18.0,102.7,99.8,2.89,San Antonio Spurs*,San Antonio Spurs*,2018
13,,24,58,0.293,41.0,102.3,105.4,-2.7,Dallas Mavericks,Dallas Mavericks,2018
14,,22,60,0.268,43.0,99.3,105.5,-5.81,Memphis Grizzlies,Memphis Grizzlies,2018
0,Toronto Raptors*,58,24,0.707,—,114.4,108.4,5.49,,Toronto Raptors*,2019
1,Philadelphia 76ers*,51,31,0.622,7.0,115.2,112.5,2.25,,Philadelphia 76ers*,2019
2,Boston Celtics*,49,33,0.598,9.0,112.4,108.0,3.9,,Boston Celtics*,2019
3,Brooklyn Nets*,42,40,0.512,16.0,112.2,112.3,-0.4,,Brooklyn Nets*,2019
4,New York Knicks,17,65,0.207,41.0,104.6,113.8,-8.93,,New York Knicks,2019
5,Milwaukee Bucks*,60,22,0.732,—,118.1,109.3,8.04,,Milwaukee Bucks*,2019
6,Indiana Pacers*,48,34,0.585,12.0,108.0,104.7,2.76,,Indiana Pacers*,2019
7,Detroit Pistons*,41,41,0.5,19.0,107.0,107.3,-0.56,,Detroit Pistons*,2019
8,Chicago Bulls,22,60,0.268,38.0,104.9,113.4,-8.32,,Chicago Bulls,2019
9,Cleveland Cavaliers,19,63,0.232,41.0,104.5,114.1,-9.39,,Cleveland Cavaliers,2019
10,Orlando Magic*,42,40,0.512,—,107.3,106.6,0.28,,Orlando Magic*,2019
11,Charlotte Hornets,39,43,0.476,3.0,110.7,111.8,-1.32,,Charlotte Hornets,2019
12,Miami Heat,39,43,0.476,3.0,105.7,105.9,-0.45,,Miami Heat,2019
13,Washington Wizards,32,50,0.39,10.0,114.0,116.9,-3.3,,Washington Wizards,2019
14,Atlanta Hawks,29,53,0.354,13.0,113.3,119.4,-6.06,,Atlanta Hawks,2019
0,,54,28,0.659,—,110.7,106.7,4.19,Denver Nuggets*,Denver Nuggets*,2019
1,,53,29,0.646,1.0,114.7,110.5,4.43,Portland Trail Blazers*,Portland Trail Blazers*,2019
2,,50,32,0.61,4.0,111.7,106.5,5.28,Utah Jazz*,Utah Jazz*,2019
3,,49,33,0.598,5.0,114.5,111.1,3.56,Oklahoma City Thunder*,Oklahoma City Thunder*,2019
4,,36,46,0.439,18.0,112.5,114.0,-1.02,Minnesota Timberwolves,Minnesota Timberwolves,2019
5,,57,25,0.695,—,117.7,111.2,6.42,Golden State Warriors*,Golden State Warriors*,2019
6,,48,34,0.585,9.0,115.1,114.3,1.09,Los Angeles Clippers*,Los Angeles Clippers*,2019
7,,39,43,0.476,18.0,114.2,115.3,-0.81,Sacramento Kings,Sacramento Kings,2019
8,,37,45,0.451,20.0,111.8,113.5,-1.33,Los Angeles Lakers,Los Angeles Lakers,2019
9,,19,63,0.232,38.0,107.5,116.8,-8.61,Phoenix Suns,Phoenix Suns,2019
10,,53,29,0.646,—,113.9,109.1,4.96,Houston Rockets*,Houston Rockets*,2019
11,,48,34,0.585,5.0,111.7,110.0,1.8,San Antonio Spurs*,San Antonio Spurs*,2019
12,,33,49,0.402,20.0,103.5,106.1,-2.08,Memphis Grizzlies,Memphis Grizzlies,2019
13,,33,49,0.402,20.0,115.4,116.8,-1.1,New Orleans Pelicans,New Orleans Pelicans,2019
14,,33,49,0.402,20.0,108.9,110.1,-0.87,Dallas Mavericks,Dallas Mavericks,2019
0,Toronto Raptors*,53,19,0.736,—,112.8,106.5,5.97,,Toronto Raptors*,2020
1,Boston Celtics*,48,24,0.667,5.0,113.7,107.3,5.83,,Boston Celtics*,2020
2,Philadelphia 76ers*,43,30,0.589,10.5,110.7,108.4,2.25,,Philadelphia 76ers*,2020
3,Brooklyn Nets*,35,37,0.486,18.0,111.8,112.3,-1.01,,Brooklyn Nets*,2020
4,New York Knicks,21,45,0.318,29.0,105.8,112.3,-6.72,,New York Knicks,2020
5,Milwaukee Bucks*,56,17,0.767,—,118.7,108.6,9.41,,Milwaukee Bucks*,2020
6,Indiana Pacers*,45,28,0.616,11.0,109.4,107.5,1.63,,Indiana Pacers*,2020
7,Chicago Bulls,22,43,0.338,30.0,106.8,109.9,-4.0,,Chicago Bulls,2020
8,Detroit Pistons,20,46,0.303,32.5,107.2,110.8,-4.38,,Detroit Pistons,2020
9,Cleveland Cavaliers,19,46,0.292,33.0,106.9,114.8,-7.77,,Cleveland Cavaliers,2020
10,Miami Heat*,44,29,0.603,—,112.0,109.1,2.59,,Miami Heat*,2020
11,Orlando Magic*,33,40,0.452,11.0,107.3,108.3,-0.93,,Orlando Magic*,2020
12,Charlotte Hornets,23,42,0.354,17.0,102.9,109.6,-7.03,,Charlotte Hornets,2020
13,Washington Wizards,25,47,0.347,18.5,114.4,119.1,-5.24,,Washington Wizards,2020
14,Atlanta Hawks,20,47,0.299,21.0,111.8,119.7,-7.71,,Atlanta Hawks,2020
0,,46,27,0.63,—,111.3,109.2,2.35,Denver Nuggets*,Denver Nuggets*,2020
1,,44,28,0.611,1.5,110.4,108.4,2.33,Oklahoma City Thunder*,Oklahoma City Thunder*,2020
2,,44,28,0.611,1.5,111.3,108.8,2.52,Utah Jazz*,Utah Jazz*,2020
3,,35,39,0.473,11.5,115.0,116.1,-0.61,Portland Trail Blazers*,Portland Trail Blazers*,2020
4,,19,45,0.297,22.5,113.3,117.5,-4.02,Minnesota Timberwolves,Minnesota Timberwolves,2020
5,,52,19,0.732,—,113.4,107.6,6.28,Los Angeles Lakers*,Los Angeles Lakers*,2020
6,,49,23,0.681,3.5,116.3,109.9,6.66,Los Angeles Clippers*,Los Angeles Clippers*,2020
7,,34,39,0.466,19.0,113.6,113.4,0.56,Phoenix Suns,Phoenix Suns,2020
8,,31,41,0.431,21.5,110.1,112.1,-1.59,Sacramento Kings,Sacramento Kings,2020
9,,15,50,0.231,34.0,106.3,115.0,-8.12,Golden State Warriors,Golden State Warriors,2020
10,,44,28,0.611,—,117.8,114.8,3.13,Houston Rockets*,Houston Rockets*,2020
11,,43,32,0.573,2.5,117.0,112.1,4.87,Dallas Mavericks*,Dallas Mavericks*,2020
12,,34,39,0.466,10.5,112.6,113.7,-0.91,Memphis Grizzlies,Memphis Grizzlies,2020
13,,32,39,0.451,11.5,114.1,115.2,-0.65,San Antonio Spurs,San Antonio Spurs,2020
14,,30,42,0.417,14.0,115.8,117.1,-0.55,New Orleans Pelicans,New Orleans Pelicans,2020
0,Philadelphia 76ers*,49,23,0.681,—,113.6,108.1,5.28,,Philadelphia 76ers*,2021
1,Brooklyn Nets*,48,24,0.667,1.0,118.6,114.1,4.24,,Brooklyn Nets*,2021
2,New York Knicks*,41,31,0.569,8.0,107.0,104.7,2.13,,New York Knicks*,2021
3,Boston Celtics*,36,36,0.5,13.0,112.6,111.2,1.32,,Boston Celtics*,2021
4,Toronto Raptors,27,45,0.375,22.0,111.3,111.7,-0.54,,Toronto Raptors,2021
5,Milwaukee Bucks*,46,26,0.639,—,120.1,114.2,5.57,,Milwaukee Bucks*,2021
6,Indiana Pacers,34,38,0.472,12.0,115.3,115.3,-0.13,,Indiana Pacers,2021
7,Chicago Bulls,31,41,0.431,15.0,110.7,111.6,-0.94,,Chicago Bulls,2021
8,Cleveland Cavaliers,22,50,0.306,24.0,103.8,112.3,-8.19,,Cleveland Cavaliers,2021
9,Detroit Pistons,20,52,0.278,26.0,106.6,111.1,-4.38,,Detroit Pistons,2021
10,Atlanta Hawks*,41,31,0.569,—,113.7,111.4,2.14,,Atlanta Hawks*,2021
11,Miami Heat*,40,32,0.556,1.0,108.1,108.0,-0.06,,Miami Heat*,2021
12,Washington Wizards*,34,38,0.472,7.0,116.6,118.5,-1.85,,Washington Wizards*,2021
13,Charlotte Hornets,33,39,0.458,8.0,109.5,111.4,-1.94,,Charlotte Hornets,2021
14,Orlando Magic,21,51,0.292,20.0,104.0,113.3,-9.02,,Orlando Magic,2021
0,,52,20,0.722,—,116.4,107.2,8.97,Utah Jazz*,Utah Jazz*,2021
1,,47,25,0.653,5.0,115.1,110.1,4.82,Denver Nuggets*,Denver Nuggets*,2021
2,,42,30,0.583,10.0,116.1,114.3,1.81,Portland Trail Blazers*,Portland Trail Blazers*,2021
3,,23,49,0.319,29.0,112.1,117.7,-5.25,Minnesota Timberwolves,Minnesota Timberwolves,2021
4,,22,50,0.306,30.0,105.0,115.6,-10.13,Oklahoma City Thunder,Oklahoma City Thunder,2021
5,,51,21,0.708,—,115.3,109.5,5.67,Phoenix Suns*,Phoenix Suns*,2021
6,,47,25,0.653,4.0,114.0,107.8,6.02,Los Angeles Clippers*,Los Angeles Clippers*,2021
7,,42,30,0.583,9.0,109.5,106.8,2.77,Los Angeles Lakers*,Los Angeles Lakers*,2021
8,,39,33,0.542,12.0,113.7,112.7,1.1,Golden State Warriors,Golden State Warriors,2021
9,,31,41,0.431,20.0,113.7,117.4,-3.45,Sacramento Kings,Sacramento Kings,2021
10,,42,30,0.583,—,112.4,110.2,2.26,Dallas Mavericks*,Dallas Mavericks*,2021
11,,38,34,0.528,4.0,113.3,112.3,1.07,Memphis Grizzlies*,Memphis Grizzlies*,2021
12,,33,39,0.458,9.0,111.1,112.8,-1.58,San Antonio Spurs,San Antonio Spurs,2021
13,,31,41,0.431,11.0,114.6,114.9,-0.2,New Orleans Pelicans,New Orleans Pelicans,2021
14,,17,55,0.236,25.0,108.8,116.7,-7.5,Houston Rockets,Houston Rockets,2021
0,Boston Celtics*,51,31,0.622,—,111.8,104.5,7.02,,Boston Celtics*,2022
1,Philadelphia 76ers*,51,31,0.622,—,109.9,107.3,2.57,,Philadelphia 76ers*,2022
2,Toronto Raptors*,48,34,0.585,3.0,109.4,107.1,2.38,,Toronto Raptors*,2022
3,Brooklyn Nets*,44,38,0.537,7.0,112.9,112.1,0.82,,Brooklyn Nets*,2022
4,New York Knicks,37,45,0.451,14.0,106.5,106.6,-0.01,,New York Knicks,2022
5,Milwaukee Bucks*,51,31,0.622,—,115.5,112.1,3.22,,Milwaukee Bucks*,2022
6,Chicago Bulls*,46,36,0.561,5.0,111.6,112.0,-0.38,,Chicago Bulls*,2022
7,Cleveland Cavaliers,44,38,0.537,7.0,107.8,105.7,2.04,,Cleveland Cavaliers,2022
8,Indiana Pacers,25,57,0.305,26.0,111.5,114.9,-3.26,,Indiana Pacers,2022
9,Detroit Pistons,23,59,0.28,28.0,104.8,112.5,-7.36,,Detroit Pistons,2022
10,Miami Heat*,53,29,0.646,—,110.0,105.6,4.23,,Miami Heat*,2022
11,Atlanta Hawks*,43,39,0.524,10.0,113.9,112.4,1.55,,Atlanta Hawks*,2022
12,Charlotte Hornets,43,39,0.524,10.0,115.3,114.9,0.53,,Charlotte Hornets,2022
13,Washington Wizards,35,47,0.427,18.0,108.6,112.0,-3.23,,Washington Wizards,2022
14,Orlando Magic,22,60,0.268,31.0,104.2,112.2,-7.67,,Orlando Magic,2022
0,,49,33,0.598,—,113.6,107.6,5.67,Utah Jazz*,Utah Jazz*,2022
1,,48,34,0.585,1.0,112.7,110.4,2.16,Denver Nuggets*,Denver Nuggets*,2022
2,,46,36,0.561,3.0,115.9,113.3,2.53,Minnesota Timberwolves*,Minnesota Timberwolves*,2022
3,,27,55,0.329,22.0,106.2,115.1,-8.55,Portland Trail Blazers,Portland Trail Blazers,2022
4,,24,58,0.293,25.0,103.7,111.8,-7.9,Oklahoma City Thunder,Oklahoma City Thunder,2022
5,,64,18,0.78,—,114.8,107.3,6.94,Phoenix Suns*,Phoenix Suns*,2022
6,,53,29,0.646,11.0,111.0,105.5,5.52,Golden State Warriors*,Golden State Warriors*,2022
7,,42,40,0.512,22.0,108.4,108.4,0.09,Los Angeles Clippers,Los Angeles Clippers,2022
8,,33,49,0.402,31.0,112.1,115.1,-3.08,Los Angeles Lakers,Los Angeles Lakers,2022
9,,30,52,0.366,34.0,110.3,115.8,-5.26,Sacramento Kings,Sacramento Kings,2022
10,,56,26,0.683,—,115.6,109.9,5.37,Memphis Grizzlies*,Memphis Grizzlies*,2022
11,,52,30,0.634,4.0,108.0,104.7,3.12,Dallas Mavericks*,Dallas Mavericks*,2022
12,,36,46,0.439,20.0,109.3,110.3,-0.84,New Orleans Pelicans*,New Orleans Pelicans*,2022
13,,34,48,0.415,22.0,113.2,113.0,0.02,San Antonio Spurs,San Antonio Spurs,2022
14,,20,62,0.244,36.0,109.7,118.2,-8.26,Houston Rockets,Houston Rockets,2022
0,Boston Celtics* (2),57,25,0.695,—,117.9,111.4,6.38,,Boston Celtics* (2),2023
1,Philadelphia 76ers* (3),54,28,0.659,3.0,115.2,110.9,4.37,,Philadelphia 76ers* (3),2023
2,New York Knicks* (5),47,35,0.573,10.0,116.0,113.1,2.99,,New York Knicks* (5),2023
3,Brooklyn Nets* (6),45,37,0.549,12.0,113.4,112.5,1.03,,Brooklyn Nets* (6),2023
4,Toronto Raptors* (9),41,41,0.5,16.0,112.9,111.4,1.59,,Toronto Raptors* (9),2023
5,Milwaukee Bucks* (1),58,24,0.707,—,116.9,113.3,3.61,,Milwaukee Bucks* (1),2023
6,Cleveland Cavaliers* (4),51,31,0.622,7.0,112.3,106.9,5.23,,Cleveland Cavaliers* (4),2023
7,Chicago Bulls* (10),40,42,0.488,18.0,113.1,111.8,1.37,,Chicago Bulls* (10),2023
8,Indiana Pacers (11),35,47,0.427,23.0,116.3,119.5,-2.91,,Indiana Pacers (11),2023
9,Detroit Pistons (15),17,65,0.207,41.0,110.3,118.5,-7.73,,Detroit Pistons (15),2023
10,Miami Heat* (7),44,38,0.537,—,109.5,109.8,-0.13,,Miami Heat* (7),2023
11,Atlanta Hawks* (8),41,41,0.5,3.0,118.4,118.1,0.32,,Atlanta Hawks* (8),2023
12,Washington Wizards (12),35,47,0.427,9.0,113.2,114.4,-1.06,,Washington Wizards (12),2023
13,Orlando Magic (13),34,48,0.415,10.0,111.4,114.0,-2.39,,Orlando Magic (13),2023
14,Charlotte Hornets (14),27,55,0.329,17.0,111.0,117.2,-5.89,,Charlotte Hornets (14),2023
0,,53,29,0.646,—,115.8,112.5,3.04,Denver Nuggets* (1),Denver Nuggets* (1),2023
1,,42,40,0.512,11.0,115.8,115.8,-0.22,Minnesota Timberwolves* (8),Minnesota Timberwolves* (8),2023
2,,40,42,0.488,13.0,117.5,116.4,0.96,Oklahoma City Thunder* (10),Oklahoma City Thunder* (10),2023
3,,37,45,0.451,16.0,117.1,118.0,-1.03,Utah Jazz (12),Utah Jazz (12),2023
4,,33,49,0.402,20.0,113.4,117.4,-3.96,Portland Trail Blazers (13),Portland Trail Blazers (13),2023
5,,48,34,0.585,—,120.7,118.1,2.3,Sacramento Kings* (3),Sacramento Kings* (3),2023
6,,45,37,0.549,3.0,113.6,111.6,2.08,Phoenix Suns* (4),Phoenix Suns* (4),2023
7,,44,38,0.537,4.0,113.6,113.1,0.31,Los Angeles Clippers* (5),Los Angeles Clippers* (5),2023
8,,44,38,0.537,4.0,118.9,117.1,1.66,Golden State Warriors* (6),Golden State Warriors* (6),2023
9,,43,39,0.524,5.0,117.2,116.6,0.43,Los Angeles Lakers* (7),Los Angeles Lakers* (7),2023
10,,51,31,0.622,—,116.9,113.0,3.6,Memphis Grizzlies* (2),Memphis Grizzlies* (2),2023
11,,42,40,0.512,9.0,114.4,112.5,1.63,New Orleans Pelicans* (9),New Orleans Pelicans* (9),2023
12,,38,44,0.463,13.0,114.2,114.1,-0.14,Dallas Mavericks (11),Dallas Mavericks (11),2023
13,,22,60,0.268,29.0,110.7,118.6,-7.62,Houston Rockets (14),Houston Rockets (14),2023
14,,22,60,0.268,29.0,113.0,123.1,-9.82,San Antonio Spurs (15),San Antonio Spurs (15),2023
